Drug name,Drug target,Target Pathway,Feature Name,ic50_effect_size
Erlotinib,EGFR,EGFR signaling,ASXL1_mut,0.5523208120626159
Erlotinib,EGFR,EGFR signaling,CREBBP_mut,0.16461187703393107
Erlotinib,EGFR,EGFR signaling,KRAS_mut,1.045367407624034
Erlotinib,EGFR,EGFR signaling,NRAS_mut,0.7133358184332127
Erlotinib,EGFR,EGFR signaling,SACS_mut,0.2962697676609971
Erlotinib,EGFR,EGFR signaling,TP53_mut,0.6603000870223273
Rapamycin,MTORC1,PI3K/MTOR signaling,ASXL1_mut,0.12509214053292536
Rapamycin,MTORC1,PI3K/MTOR signaling,CREBBP_mut,0.41578823231426937
Rapamycin,MTORC1,PI3K/MTOR signaling,KRAS_mut,0.6251859629299057
Rapamycin,MTORC1,PI3K/MTOR signaling,NRAS_mut,1.5300814321020482
Rapamycin,MTORC1,PI3K/MTOR signaling,SACS_mut,0.33042813999698767
Rapamycin,MTORC1,PI3K/MTOR signaling,TP53_mut,0.9282695129125034
Sunitinib,"PDGFR, KIT, VEGFR, FLT3, RET, CSF1R",RTK signaling,ASXL1_mut,0.37241125541579295
Sunitinib,"PDGFR, KIT, VEGFR, FLT3, RET, CSF1R",RTK signaling,CREBBP_mut,0.6535395781890927
Sunitinib,"PDGFR, KIT, VEGFR, FLT3, RET, CSF1R",RTK signaling,KRAS_mut,0.14759545971946306
Sunitinib,"PDGFR, KIT, VEGFR, FLT3, RET, CSF1R",RTK signaling,NRAS_mut,1.0716129272648134
Sunitinib,"PDGFR, KIT, VEGFR, FLT3, RET, CSF1R",RTK signaling,SACS_mut,0.4696753584045549
Sunitinib,"PDGFR, KIT, VEGFR, FLT3, RET, CSF1R",RTK signaling,TP53_mut,0.6592919079371109
PHA-665752,MET,RTK signaling,ASXL1_mut,0.13941510462790263
PHA-665752,MET,RTK signaling,CREBBP_mut,0.1865641486828565
PHA-665752,MET,RTK signaling,KRAS_mut,0.6470681645543346
PHA-665752,MET,RTK signaling,NRAS_mut,1.5147163390600356
PHA-665752,MET,RTK signaling,SACS_mut,0.6931022808116283
PHA-665752,MET,RTK signaling,TP53_mut,0.8937969692180154
MG-132,"Proteasome, CAPN1",Protein stability and degradation,ASXL1_mut,0.9919279487573739
MG-132,"Proteasome, CAPN1",Protein stability and degradation,CREBBP_mut,0.5384625418630473
MG-132,"Proteasome, CAPN1",Protein stability and degradation,KRAS_mut,0.16117417974670187
MG-132,"Proteasome, CAPN1",Protein stability and degradation,NRAS_mut,0.9639946223695176
MG-132,"Proteasome, CAPN1",Protein stability and degradation,SACS_mut,0.4187705945053421
MG-132,"Proteasome, CAPN1",Protein stability and degradation,TP53_mut,1.2490247460047146
Paclitaxel,Microtubule stabiliser,Mitosis,ASXL1_mut,0.13611769365641263
Paclitaxel,Microtubule stabiliser,Mitosis,CREBBP_mut,0.19878767145473475
Paclitaxel,Microtubule stabiliser,Mitosis,KRAS_mut,0.8938977146708421
Paclitaxel,Microtubule stabiliser,Mitosis,NRAS_mut,0.8163033509617625
Paclitaxel,Microtubule stabiliser,Mitosis,SACS_mut,0.2390200755907541
Paclitaxel,Microtubule stabiliser,Mitosis,TP53_mut,1.4096800466690487
Cyclopamine,SMO,Other,ASXL1_mut,0.5565413668887225
Cyclopamine,SMO,Other,CREBBP_mut,0.5133122021086751
Cyclopamine,SMO,Other,KRAS_mut,0.3412765033997713
Cyclopamine,SMO,Other,NRAS_mut,0.8664320033990853
Cyclopamine,SMO,Other,SACS_mut,0.4662556685020548
Cyclopamine,SMO,Other,TP53_mut,0.47789727555774936
AZ628,BRAF,ERK MAPK signaling,ASXL1_mut,0.4079773058168823
AZ628,BRAF,ERK MAPK signaling,CREBBP_mut,0.7060099162410043
AZ628,BRAF,ERK MAPK signaling,KRAS_mut,0.34748795050198716
AZ628,BRAF,ERK MAPK signaling,NRAS_mut,0.264400685223544
AZ628,BRAF,ERK MAPK signaling,SACS_mut,0.9042334932789714
AZ628,BRAF,ERK MAPK signaling,TP53_mut,0.7819456021945181
Sorafenib,"PDGFR, KIT, VEGFR, RAF",RTK signaling,ASXL1_mut,0.286737137699347
Sorafenib,"PDGFR, KIT, VEGFR, RAF",RTK signaling,CREBBP_mut,0.3131568356653024
Sorafenib,"PDGFR, KIT, VEGFR, RAF",RTK signaling,KRAS_mut,0.5423009981733257
Sorafenib,"PDGFR, KIT, VEGFR, RAF",RTK signaling,NRAS_mut,0.7328835582586345
Sorafenib,"PDGFR, KIT, VEGFR, RAF",RTK signaling,SACS_mut,0.38192695691308853
Sorafenib,"PDGFR, KIT, VEGFR, RAF",RTK signaling,TP53_mut,0.34627820739254
Tozasertib,"AURKA, AURKB, AURKC, others",Mitosis,ASXL1_mut,0.18423714616744274
Tozasertib,"AURKA, AURKB, AURKC, others",Mitosis,CREBBP_mut,0.15852831018662308
Tozasertib,"AURKA, AURKB, AURKC, others",Mitosis,KRAS_mut,0.12792934748220583
Tozasertib,"AURKA, AURKB, AURKC, others",Mitosis,NRAS_mut,1.476591212317073
Tozasertib,"AURKA, AURKB, AURKC, others",Mitosis,SACS_mut,0.17953907124532104
Tozasertib,"AURKA, AURKB, AURKC, others",Mitosis,TP53_mut,0.9177856576287166
Imatinib,"ABL, KIT, PDGFR","Other, kinases",ASXL1_mut,0.7758642009929314
Imatinib,"ABL, KIT, PDGFR","Other, kinases",CREBBP_mut,0.046598663629302234
Imatinib,"ABL, KIT, PDGFR","Other, kinases",KRAS_mut,0.9357236979090622
Imatinib,"ABL, KIT, PDGFR","Other, kinases",NRAS_mut,0.6650126309505165
Imatinib,"ABL, KIT, PDGFR","Other, kinases",SACS_mut,0.30017691276898323
Imatinib,"ABL, KIT, PDGFR","Other, kinases",TP53_mut,1.0465419162402996
NVP-TAE684,ALK,RTK signaling,ASXL1_mut,0.43434401111763377
NVP-TAE684,ALK,RTK signaling,CREBBP_mut,0.6047483932729947
NVP-TAE684,ALK,RTK signaling,KRAS_mut,0.584515594391117
NVP-TAE684,ALK,RTK signaling,NRAS_mut,2.102790444802437
NVP-TAE684,ALK,RTK signaling,SACS_mut,0.6760793066899622
NVP-TAE684,ALK,RTK signaling,TP53_mut,0.9009076365696886
Crizotinib,"MET, ALK, ROS1",RTK signaling,ASXL1_mut,0.13538167572736542
Crizotinib,"MET, ALK, ROS1",RTK signaling,CREBBP_mut,0.5259010468366188
Crizotinib,"MET, ALK, ROS1",RTK signaling,KRAS_mut,0.541133700382609
Crizotinib,"MET, ALK, ROS1",RTK signaling,NRAS_mut,1.3196097251260457
Crizotinib,"MET, ALK, ROS1",RTK signaling,SACS_mut,0.8647161601130268
Crizotinib,"MET, ALK, ROS1",RTK signaling,TP53_mut,0.9209934135463084
Saracatinib,"ABL, SRC","Other, kinases",ASXL1_mut,0.5164130790717679
Saracatinib,"ABL, SRC","Other, kinases",CREBBP_mut,0.36417638765334703
Saracatinib,"ABL, SRC","Other, kinases",KRAS_mut,0.8267876524911963
Saracatinib,"ABL, SRC","Other, kinases",NRAS_mut,0.6531701626528608
Saracatinib,"ABL, SRC","Other, kinases",SACS_mut,1.470858161030594
Saracatinib,"ABL, SRC","Other, kinases",TP53_mut,0.767281150192337
S-Trityl-L-cysteine,KIF11,Mitosis,ASXL1_mut,0.06767839216732272
S-Trityl-L-cysteine,KIF11,Mitosis,CREBBP_mut,0.15857926885581233
S-Trityl-L-cysteine,KIF11,Mitosis,KRAS_mut,0.6926589466711569
S-Trityl-L-cysteine,KIF11,Mitosis,NRAS_mut,0.9150370726787693
S-Trityl-L-cysteine,KIF11,Mitosis,SACS_mut,0.19625515139490798
S-Trityl-L-cysteine,KIF11,Mitosis,TP53_mut,1.1910434634120184
Z-LLNle-CHO,gamma-secretase,Other,ASXL1_mut,0.40700739444521183
Z-LLNle-CHO,gamma-secretase,Other,CREBBP_mut,0.5989384042319729
Z-LLNle-CHO,gamma-secretase,Other,KRAS_mut,0.2529339594712138
Z-LLNle-CHO,gamma-secretase,Other,NRAS_mut,0.23270759063725513
Z-LLNle-CHO,gamma-secretase,Other,SACS_mut,0.36268133229999433
Z-LLNle-CHO,gamma-secretase,Other,TP53_mut,1.0084573275319533
Dasatinib,"ABL, SRC, Ephrins, PDGFR, KIT",RTK signaling,ASXL1_mut,0.43892611041297497
Dasatinib,"ABL, SRC, Ephrins, PDGFR, KIT",RTK signaling,CREBBP_mut,0.4306337571990214
Dasatinib,"ABL, SRC, Ephrins, PDGFR, KIT",RTK signaling,KRAS_mut,0.8925832564900127
Dasatinib,"ABL, SRC, Ephrins, PDGFR, KIT",RTK signaling,NRAS_mut,1.0030145794691732
Dasatinib,"ABL, SRC, Ephrins, PDGFR, KIT",RTK signaling,SACS_mut,1.0837712735159242
Dasatinib,"ABL, SRC, Ephrins, PDGFR, KIT",RTK signaling,TP53_mut,0.8564273577621083
GNF-2,BCR-ABL,ABL signaling,ASXL1_mut,0.21843233476758528
GNF-2,BCR-ABL,ABL signaling,CREBBP_mut,0.8914265319735617
GNF-2,BCR-ABL,ABL signaling,KRAS_mut,0.1390005144407605
GNF-2,BCR-ABL,ABL signaling,NRAS_mut,0.5627108257172744
GNF-2,BCR-ABL,ABL signaling,SACS_mut,0.9088869520876649
GNF-2,BCR-ABL,ABL signaling,TP53_mut,0.4956206280590532
CGP-60474,"CDK1,CDK2,CDK5,CDK7,CDK9, PKC",Cell cycle,ASXL1_mut,0.1295092245393846
CGP-60474,"CDK1,CDK2,CDK5,CDK7,CDK9, PKC",Cell cycle,CREBBP_mut,0.8439563516533252
CGP-60474,"CDK1,CDK2,CDK5,CDK7,CDK9, PKC",Cell cycle,KRAS_mut,0.36189553902132915
CGP-60474,"CDK1,CDK2,CDK5,CDK7,CDK9, PKC",Cell cycle,NRAS_mut,1.2757670549545241
CGP-60474,"CDK1,CDK2,CDK5,CDK7,CDK9, PKC",Cell cycle,SACS_mut,0.3728008301527595
CGP-60474,"CDK1,CDK2,CDK5,CDK7,CDK9, PKC",Cell cycle,TP53_mut,1.4284289562188328
CGP-082996,CDK4,Cell cycle,ASXL1_mut,0.8025941467073529
CGP-082996,CDK4,Cell cycle,CREBBP_mut,0.2207311459186365
CGP-082996,CDK4,Cell cycle,KRAS_mut,0.9453015965401839
CGP-082996,CDK4,Cell cycle,NRAS_mut,0.9493464991332234
CGP-082996,CDK4,Cell cycle,SACS_mut,0.08046888476260895
CGP-082996,CDK4,Cell cycle,TP53_mut,0.9960594669282221
A-770041,"LCK, FYN","Other, kinases",ASXL1_mut,0.4755624180840672
A-770041,"LCK, FYN","Other, kinases",CREBBP_mut,0.42833804734036185
A-770041,"LCK, FYN","Other, kinases",KRAS_mut,0.49453866495528764
A-770041,"LCK, FYN","Other, kinases",NRAS_mut,0.5936180701824312
A-770041,"LCK, FYN","Other, kinases",SACS_mut,1.057663853438836
A-770041,"LCK, FYN","Other, kinases",TP53_mut,0.7391587225855625
WH-4-023,"SRC, LCK","Other, kinases",ASXL1_mut,0.6824122603602629
WH-4-023,"SRC, LCK","Other, kinases",CREBBP_mut,0.6218487141145592
WH-4-023,"SRC, LCK","Other, kinases",KRAS_mut,0.815057237085943
WH-4-023,"SRC, LCK","Other, kinases",NRAS_mut,0.7323809305362468
WH-4-023,"SRC, LCK","Other, kinases",SACS_mut,1.4550590453801937
WH-4-023,"SRC, LCK","Other, kinases",TP53_mut,0.6986778211600835
WZ-1-84,BMX,"Other, kinases",ASXL1_mut,0.2677105919905187
WZ-1-84,BMX,"Other, kinases",CREBBP_mut,0.36079541075240995
WZ-1-84,BMX,"Other, kinases",KRAS_mut,0.1938502595802337
WZ-1-84,BMX,"Other, kinases",NRAS_mut,1.0451941882284996
WZ-1-84,BMX,"Other, kinases",SACS_mut,0.058315768675823366
WZ-1-84,BMX,"Other, kinases",TP53_mut,0.5351087003795374
BI-2536,"PLK1, PLK2, PLK3",Cell cycle,ASXL1_mut,0.08636144108429246
BI-2536,"PLK1, PLK2, PLK3",Cell cycle,CREBBP_mut,0.215900825458066
BI-2536,"PLK1, PLK2, PLK3",Cell cycle,KRAS_mut,0.7078482064683542
BI-2536,"PLK1, PLK2, PLK3",Cell cycle,NRAS_mut,0.776417250198721
BI-2536,"PLK1, PLK2, PLK3",Cell cycle,SACS_mut,0.255075016224373
BI-2536,"PLK1, PLK2, PLK3",Cell cycle,TP53_mut,0.8990075269192501
BMS-536924,"IGF1R, IR",IGF1R signaling,ASXL1_mut,0.6561260395193547
BMS-536924,"IGF1R, IR",IGF1R signaling,CREBBP_mut,0.5202369006761909
BMS-536924,"IGF1R, IR",IGF1R signaling,KRAS_mut,1.0774005423892348
BMS-536924,"IGF1R, IR",IGF1R signaling,NRAS_mut,1.1676474704690347
BMS-536924,"IGF1R, IR",IGF1R signaling,SACS_mut,0.17023340937738063
BMS-536924,"IGF1R, IR",IGF1R signaling,TP53_mut,0.687723681308854
BMS-509744,ITK,"Other, kinases",ASXL1_mut,0.4447358759295554
BMS-509744,ITK,"Other, kinases",CREBBP_mut,0.08813806850378382
BMS-509744,ITK,"Other, kinases",KRAS_mut,0.8005509629618808
BMS-509744,ITK,"Other, kinases",NRAS_mut,1.2443389885300922
BMS-509744,ITK,"Other, kinases",SACS_mut,0.2493579476924138
BMS-509744,ITK,"Other, kinases",TP53_mut,0.9510659268825963
CMK,RSK2,"Other, kinases",ASXL1_mut,0.44379213444577315
CMK,RSK2,"Other, kinases",CREBBP_mut,0.2799842875904256
CMK,RSK2,"Other, kinases",KRAS_mut,0.5832396054894879
CMK,RSK2,"Other, kinases",NRAS_mut,0.7589288761402732
CMK,RSK2,"Other, kinases",SACS_mut,0.7021734795335283
CMK,RSK2,"Other, kinases",TP53_mut,0.22564872362776106
Pyrimethamine,Dihydrofolate reductase (DHFR),Other,ASXL1_mut,0.5192756610018479
Pyrimethamine,Dihydrofolate reductase (DHFR),Other,CREBBP_mut,0.14257114815163566
Pyrimethamine,Dihydrofolate reductase (DHFR),Other,KRAS_mut,0.3469434887981837
Pyrimethamine,Dihydrofolate reductase (DHFR),Other,NRAS_mut,1.545808924959705
Pyrimethamine,Dihydrofolate reductase (DHFR),Other,SACS_mut,0.34343817858985853
Pyrimethamine,Dihydrofolate reductase (DHFR),Other,TP53_mut,1.012437800537534
JW-7-52-1,MTOR,PI3K/MTOR signaling,ASXL1_mut,0.317755198772359
JW-7-52-1,MTOR,PI3K/MTOR signaling,CREBBP_mut,0.30466560970191053
JW-7-52-1,MTOR,PI3K/MTOR signaling,KRAS_mut,0.32744653737256896
JW-7-52-1,MTOR,PI3K/MTOR signaling,NRAS_mut,1.3604331827214042
JW-7-52-1,MTOR,PI3K/MTOR signaling,SACS_mut,0.14840950975636905
JW-7-52-1,MTOR,PI3K/MTOR signaling,TP53_mut,0.9415676245269434
A-443654,"AKT1, AKT2, AKT3",PI3K/MTOR signaling,ASXL1_mut,0.16701816440197856
A-443654,"AKT1, AKT2, AKT3",PI3K/MTOR signaling,CREBBP_mut,0.45658496663443954
A-443654,"AKT1, AKT2, AKT3",PI3K/MTOR signaling,KRAS_mut,0.5614991751236156
A-443654,"AKT1, AKT2, AKT3",PI3K/MTOR signaling,NRAS_mut,1.062952001611014
A-443654,"AKT1, AKT2, AKT3",PI3K/MTOR signaling,SACS_mut,0.49624547011676157
A-443654,"AKT1, AKT2, AKT3",PI3K/MTOR signaling,TP53_mut,1.0090177732714458
GW843682X,PLK1,Cell cycle,ASXL1_mut,0.09977991010804363
GW843682X,PLK1,Cell cycle,CREBBP_mut,0.1562465809898349
GW843682X,PLK1,Cell cycle,KRAS_mut,0.47228831466094556
GW843682X,PLK1,Cell cycle,NRAS_mut,0.7930683153015025
GW843682X,PLK1,Cell cycle,SACS_mut,0.2031638712844239
GW843682X,PLK1,Cell cycle,TP53_mut,0.9164132990945747
Entinostat,"HDAC1, HDAC3",Chromatin histone acetylation,ASXL1_mut,0.19495438873332627
Entinostat,"HDAC1, HDAC3",Chromatin histone acetylation,CREBBP_mut,0.22583821785561192
Entinostat,"HDAC1, HDAC3",Chromatin histone acetylation,KRAS_mut,0.06670659638545814
Entinostat,"HDAC1, HDAC3",Chromatin histone acetylation,NRAS_mut,1.0107248577227042
Entinostat,"HDAC1, HDAC3",Chromatin histone acetylation,SACS_mut,0.2988809467899457
Entinostat,"HDAC1, HDAC3",Chromatin histone acetylation,TP53_mut,0.9041005682924359
Parthenolide,HDAC1,Chromatin histone acetylation,ASXL1_mut,0.4643674421838481
Parthenolide,HDAC1,Chromatin histone acetylation,CREBBP_mut,0.12302940680285084
Parthenolide,HDAC1,Chromatin histone acetylation,KRAS_mut,0.8904857737748175
Parthenolide,HDAC1,Chromatin histone acetylation,NRAS_mut,1.0081205779296527
Parthenolide,HDAC1,Chromatin histone acetylation,SACS_mut,0.2528138356755103
Parthenolide,HDAC1,Chromatin histone acetylation,TP53_mut,1.0186669893202618
GSK319347A,IKK,"Other, kinases",ASXL1_mut,0.6895684554485534
GSK319347A,IKK,"Other, kinases",CREBBP_mut,1.0063207308809756
GSK319347A,IKK,"Other, kinases",KRAS_mut,0.1943713118334589
GSK319347A,IKK,"Other, kinases",NRAS_mut,0.8167412712049382
GSK319347A,IKK,"Other, kinases",SACS_mut,0.5985311229796533
GSK319347A,IKK,"Other, kinases",TP53_mut,0.6578884953303112
TGX221,PI3Kbeta,PI3K/MTOR signaling,ASXL1_mut,0.10105630446261489
TGX221,PI3Kbeta,PI3K/MTOR signaling,CREBBP_mut,0.10304702335719745
TGX221,PI3Kbeta,PI3K/MTOR signaling,KRAS_mut,0.2913191817988832
TGX221,PI3Kbeta,PI3K/MTOR signaling,NRAS_mut,1.5987576806930013
TGX221,PI3Kbeta,PI3K/MTOR signaling,SACS_mut,0.2517258715147548
TGX221,PI3Kbeta,PI3K/MTOR signaling,TP53_mut,0.8850605119796776
Bortezomib,Proteasome,Protein stability and degradation,ASXL1_mut,0.33136206093186993
Bortezomib,Proteasome,Protein stability and degradation,CREBBP_mut,0.1837661080452717
Bortezomib,Proteasome,Protein stability and degradation,KRAS_mut,0.2584749913124665
Bortezomib,Proteasome,Protein stability and degradation,NRAS_mut,0.9626801438239331
Bortezomib,Proteasome,Protein stability and degradation,SACS_mut,0.4208870332169803
Bortezomib,Proteasome,Protein stability and degradation,TP53_mut,0.9421300833127795
XMD8-85,"ERK5, BET",Other,ASXL1_mut,0.32816892878679665
XMD8-85,"ERK5, BET",Other,CREBBP_mut,0.6367818463461861
XMD8-85,"ERK5, BET",Other,KRAS_mut,0.2708002831465356
XMD8-85,"ERK5, BET",Other,NRAS_mut,1.0938198924974458
XMD8-85,"ERK5, BET",Other,SACS_mut,0.8283934116986795
XMD8-85,"ERK5, BET",Other,TP53_mut,0.9475239568350757
Seliciclib,"CDK2, CDK7, CDK9",Cell cycle,ASXL1_mut,0.021665587332386965
Seliciclib,"CDK2, CDK7, CDK9",Cell cycle,CREBBP_mut,0.4935968376455013
Seliciclib,"CDK2, CDK7, CDK9",Cell cycle,KRAS_mut,0.5633286424534835
Seliciclib,"CDK2, CDK7, CDK9",Cell cycle,NRAS_mut,1.3783732017392125
Seliciclib,"CDK2, CDK7, CDK9",Cell cycle,SACS_mut,0.1660422088978688
Seliciclib,"CDK2, CDK7, CDK9",Cell cycle,TP53_mut,0.9337920872385794
Salubrinal,EIF2A,Other,ASXL1_mut,0.08641804085198958
Salubrinal,EIF2A,Other,CREBBP_mut,0.18293921406351882
Salubrinal,EIF2A,Other,KRAS_mut,0.9193457370146677
Salubrinal,EIF2A,Other,NRAS_mut,0.8171613739320321
Salubrinal,EIF2A,Other,SACS_mut,0.5920038326522438
Salubrinal,EIF2A,Other,TP53_mut,0.6818447017670874
Lapatinib,"EGFR, ERBB2",RTK signaling,ASXL1_mut,0.3695320739486232
Lapatinib,"EGFR, ERBB2",RTK signaling,CREBBP_mut,0.7339435326632419
Lapatinib,"EGFR, ERBB2",RTK signaling,KRAS_mut,1.3092483786119218
Lapatinib,"EGFR, ERBB2",RTK signaling,NRAS_mut,0.36455536559918705
Lapatinib,"EGFR, ERBB2",RTK signaling,SACS_mut,0.9697056836509306
Lapatinib,"EGFR, ERBB2",RTK signaling,TP53_mut,0.053326060688763104
GSK269962A,"ROCK1, ROCK2",Cytoskeleton,ASXL1_mut,0.206602706984523
GSK269962A,"ROCK1, ROCK2",Cytoskeleton,CREBBP_mut,0.6856254375654522
GSK269962A,"ROCK1, ROCK2",Cytoskeleton,KRAS_mut,0.8022653569747985
GSK269962A,"ROCK1, ROCK2",Cytoskeleton,NRAS_mut,1.4832724503912758
GSK269962A,"ROCK1, ROCK2",Cytoskeleton,SACS_mut,0.31642545010838447
GSK269962A,"ROCK1, ROCK2",Cytoskeleton,TP53_mut,0.9536994745993407
Doxorubicin,Anthracycline,DNA replication,ASXL1_mut,0.20334021040142286
Doxorubicin,Anthracycline,DNA replication,CREBBP_mut,0.6952790861771259
Doxorubicin,Anthracycline,DNA replication,KRAS_mut,0.33511512716773284
Doxorubicin,Anthracycline,DNA replication,NRAS_mut,1.8585328935168426
Doxorubicin,Anthracycline,DNA replication,SACS_mut,0.2524687597744404
Doxorubicin,Anthracycline,DNA replication,TP53_mut,1.9522577365313623
Etoposide,TOP2,DNA replication,ASXL1_mut,0.11964556555684319
Etoposide,TOP2,DNA replication,CREBBP_mut,0.2936116543866735
Etoposide,TOP2,DNA replication,KRAS_mut,0.20908473809423955
Etoposide,TOP2,DNA replication,NRAS_mut,2.0545552857900886
Etoposide,TOP2,DNA replication,SACS_mut,0.2904717235059233
Etoposide,TOP2,DNA replication,TP53_mut,1.621048440082253
Gemcitabine,Pyrimidine antimetabolite,DNA replication,ASXL1_mut,0.079296922881669
Gemcitabine,Pyrimidine antimetabolite,DNA replication,CREBBP_mut,0.7395730273545879
Gemcitabine,Pyrimidine antimetabolite,DNA replication,KRAS_mut,0.28956391006573545
Gemcitabine,Pyrimidine antimetabolite,DNA replication,NRAS_mut,1.6320042926697278
Gemcitabine,Pyrimidine antimetabolite,DNA replication,SACS_mut,0.5171057016385915
Gemcitabine,Pyrimidine antimetabolite,DNA replication,TP53_mut,1.4919674088851596
Mitomycin-C,DNA crosslinker,DNA replication,ASXL1_mut,0.1381693844500008
Mitomycin-C,DNA crosslinker,DNA replication,CREBBP_mut,0.4187715764521658
Mitomycin-C,DNA crosslinker,DNA replication,KRAS_mut,0.04615580361269802
Mitomycin-C,DNA crosslinker,DNA replication,NRAS_mut,1.5024304827887767
Mitomycin-C,DNA crosslinker,DNA replication,SACS_mut,0.6071829300930243
Mitomycin-C,DNA crosslinker,DNA replication,TP53_mut,1.5975956824116204
Vinorelbine,Microtubule destabiliser,Mitosis,ASXL1_mut,0.09207712757076697
Vinorelbine,Microtubule destabiliser,Mitosis,CREBBP_mut,0.40098265415341955
Vinorelbine,Microtubule destabiliser,Mitosis,KRAS_mut,0.3277628928810789
Vinorelbine,Microtubule destabiliser,Mitosis,NRAS_mut,1.6316122818555225
Vinorelbine,Microtubule destabiliser,Mitosis,SACS_mut,0.2751137171670412
Vinorelbine,Microtubule destabiliser,Mitosis,TP53_mut,1.3452118476728356
NSC-87877,"SHP-1 (PTPN6), SHP-2 (PTPN11)",Other,ASXL1_mut,1.1414706535028518
NSC-87877,"SHP-1 (PTPN6), SHP-2 (PTPN11)",Other,CREBBP_mut,0.9851454544752724
NSC-87877,"SHP-1 (PTPN6), SHP-2 (PTPN11)",Other,KRAS_mut,0.9942235686668569
NSC-87877,"SHP-1 (PTPN6), SHP-2 (PTPN11)",Other,NRAS_mut,0.08035268284330263
NSC-87877,"SHP-1 (PTPN6), SHP-2 (PTPN11)",Other,SACS_mut,1.1126455030639988
NSC-87877,"SHP-1 (PTPN6), SHP-2 (PTPN11)",Other,TP53_mut,0.7600153591949256
Bicalutamide,AR,Hormone-related,ASXL1_mut,0.8402623879812117
Bicalutamide,AR,Hormone-related,CREBBP_mut,0.846881549472147
Bicalutamide,AR,Hormone-related,KRAS_mut,0.9596739090972061
Bicalutamide,AR,Hormone-related,NRAS_mut,0.6266538422164778
Bicalutamide,AR,Hormone-related,SACS_mut,1.3831196126570138
Bicalutamide,AR,Hormone-related,TP53_mut,0.4777279721158997
QS11,ARFGAP1,Other,ASXL1_mut,0.1272726713764506
QS11,ARFGAP1,Other,CREBBP_mut,0.3583879747312324
QS11,ARFGAP1,Other,KRAS_mut,0.613516894984703
QS11,ARFGAP1,Other,NRAS_mut,1.5311388280137948
QS11,ARFGAP1,Other,SACS_mut,0.41004021927627404
QS11,ARFGAP1,Other,TP53_mut,1.2232877970572018
CP466722,ATM,Genome integrity,ASXL1_mut,1.026909673248901
CP466722,ATM,Genome integrity,CREBBP_mut,0.9367959812968446
CP466722,ATM,Genome integrity,KRAS_mut,0.1920428812082827
CP466722,ATM,Genome integrity,NRAS_mut,1.7706314217713717
CP466722,ATM,Genome integrity,SACS_mut,0.588249390313927
CP466722,ATM,Genome integrity,TP53_mut,0.3496819669444411
Midostaurin,"PKC, PPK, FLT1, c-FGR, others",Other,ASXL1_mut,0.0716779912148178
Midostaurin,"PKC, PPK, FLT1, c-FGR, others",Other,CREBBP_mut,0.5339611756549545
Midostaurin,"PKC, PPK, FLT1, c-FGR, others",Other,KRAS_mut,0.9769173543142137
Midostaurin,"PKC, PPK, FLT1, c-FGR, others",Other,NRAS_mut,1.5058167601308572
Midostaurin,"PKC, PPK, FLT1, c-FGR, others",Other,SACS_mut,0.5562132129789492
Midostaurin,"PKC, PPK, FLT1, c-FGR, others",Other,TP53_mut,0.9385911713656389
CHIR-99021,"GSK3A, GSK3B",WNT signaling,ASXL1_mut,0.8142845473440451
CHIR-99021,"GSK3A, GSK3B",WNT signaling,CREBBP_mut,0.24990847218377454
CHIR-99021,"GSK3A, GSK3B",WNT signaling,KRAS_mut,1.0433120959311624
CHIR-99021,"GSK3A, GSK3B",WNT signaling,NRAS_mut,0.9842125629514713
CHIR-99021,"GSK3A, GSK3B",WNT signaling,SACS_mut,0.8627485370619552
CHIR-99021,"GSK3A, GSK3B",WNT signaling,TP53_mut,1.0397315098580682
Ponatinib,"ABL, PDGFRA, VEGFR2, FGFR1, SRC, TIE2, FLT3","Other, kinases",ASXL1_mut,0.5434643496474436
Ponatinib,"ABL, PDGFRA, VEGFR2, FGFR1, SRC, TIE2, FLT3","Other, kinases",CREBBP_mut,1.07710014481648
Ponatinib,"ABL, PDGFRA, VEGFR2, FGFR1, SRC, TIE2, FLT3","Other, kinases",KRAS_mut,0.5851926103201869
Ponatinib,"ABL, PDGFRA, VEGFR2, FGFR1, SRC, TIE2, FLT3","Other, kinases",NRAS_mut,1.4344051806240246
Ponatinib,"ABL, PDGFRA, VEGFR2, FGFR1, SRC, TIE2, FLT3","Other, kinases",SACS_mut,0.3053494214312402
Ponatinib,"ABL, PDGFRA, VEGFR2, FGFR1, SRC, TIE2, FLT3","Other, kinases",TP53_mut,0.4416175238736393
AZD6482,PI3Kbeta,PI3K/MTOR signaling,ASXL1_mut,0.666944157895966
AZD6482,PI3Kbeta,PI3K/MTOR signaling,CREBBP_mut,0.6638492882190872
AZD6482,PI3Kbeta,PI3K/MTOR signaling,KRAS_mut,0.8538820662139037
AZD6482,PI3Kbeta,PI3K/MTOR signaling,NRAS_mut,1.7512895032073925
AZD6482,PI3Kbeta,PI3K/MTOR signaling,SACS_mut,1.0690690649757812
AZD6482,PI3Kbeta,PI3K/MTOR signaling,TP53_mut,0.8605397196280633
JNK-9L,"JNK2, JNK3",JNK and p38 signaling,ASXL1_mut,0.6138336255089263
JNK-9L,"JNK2, JNK3",JNK and p38 signaling,CREBBP_mut,1.2042706098808313
JNK-9L,"JNK2, JNK3",JNK and p38 signaling,KRAS_mut,0.773929583629474
JNK-9L,"JNK2, JNK3",JNK and p38 signaling,NRAS_mut,2.1749893043738244
JNK-9L,"JNK2, JNK3",JNK and p38 signaling,SACS_mut,1.044200352522211
JNK-9L,"JNK2, JNK3",JNK and p38 signaling,TP53_mut,1.0727885054855262
PF-562271,"FAK, FAK2",Cytoskeleton,ASXL1_mut,0.5452187731389861
PF-562271,"FAK, FAK2",Cytoskeleton,CREBBP_mut,0.4440822424147789
PF-562271,"FAK, FAK2",Cytoskeleton,KRAS_mut,0.20709150787436736
PF-562271,"FAK, FAK2",Cytoskeleton,NRAS_mut,1.641136051077643
PF-562271,"FAK, FAK2",Cytoskeleton,SACS_mut,0.5504060732082273
PF-562271,"FAK, FAK2",Cytoskeleton,TP53_mut,0.7064324476554219
HG6-64-1,BRAF,ERK MAPK signaling,ASXL1_mut,0.560172551958555
HG6-64-1,BRAF,ERK MAPK signaling,CREBBP_mut,1.2795024724165096
HG6-64-1,BRAF,ERK MAPK signaling,KRAS_mut,0.6517301258840762
HG6-64-1,BRAF,ERK MAPK signaling,NRAS_mut,1.589424915401617
HG6-64-1,BRAF,ERK MAPK signaling,SACS_mut,0.26345003301712333
HG6-64-1,BRAF,ERK MAPK signaling,TP53_mut,0.5095454781439038
JQ1,"BRD2, BRD3, BRD4, BRDT",Chromatin other,ASXL1_mut,0.1841289849767408
JQ1,"BRD2, BRD3, BRD4, BRDT",Chromatin other,CREBBP_mut,0.817208831667891
JQ1,"BRD2, BRD3, BRD4, BRDT",Chromatin other,KRAS_mut,0.2547021758994727
JQ1,"BRD2, BRD3, BRD4, BRDT",Chromatin other,NRAS_mut,1.2923164207118214
JQ1,"BRD2, BRD3, BRD4, BRDT",Chromatin other,SACS_mut,0.7093791129735163
JQ1,"BRD2, BRD3, BRD4, BRDT",Chromatin other,TP53_mut,0.7224462265578876
JQ12,"HDAC1, HDAC2",Chromatin histone acetylation,ASXL1_mut,0.3045809971153
JQ12,"HDAC1, HDAC2",Chromatin histone acetylation,CREBBP_mut,0.8749565918511286
JQ12,"HDAC1, HDAC2",Chromatin histone acetylation,KRAS_mut,0.7843829980483429
JQ12,"HDAC1, HDAC2",Chromatin histone acetylation,NRAS_mut,1.3753185680913003
JQ12,"HDAC1, HDAC2",Chromatin histone acetylation,SACS_mut,0.5377723553190255
JQ12,"HDAC1, HDAC2",Chromatin histone acetylation,TP53_mut,1.0230418783687476
DMOG,HIF-PH,Metabolism,ASXL1_mut,0.6643636306118538
DMOG,HIF-PH,Metabolism,CREBBP_mut,1.1709990272389244
DMOG,HIF-PH,Metabolism,KRAS_mut,0.3585818796477192
DMOG,HIF-PH,Metabolism,NRAS_mut,1.4231955017671558
DMOG,HIF-PH,Metabolism,SACS_mut,1.4611907748085988
DMOG,HIF-PH,Metabolism,TP53_mut,0.8887509729314327
FTI-277,Farnesyl-transferase (FNTA),Other,ASXL1_mut,0.33776715771270927
FTI-277,Farnesyl-transferase (FNTA),Other,CREBBP_mut,0.10937704135973979
FTI-277,Farnesyl-transferase (FNTA),Other,KRAS_mut,1.3081491882092424
FTI-277,Farnesyl-transferase (FNTA),Other,NRAS_mut,0.5490166311716512
FTI-277,Farnesyl-transferase (FNTA),Other,SACS_mut,0.1347919974962212
FTI-277,Farnesyl-transferase (FNTA),Other,TP53_mut,0.49007162381532127
OSU-03012,PDK1 (PDPK1),Metabolism,ASXL1_mut,0.13954905143062107
OSU-03012,PDK1 (PDPK1),Metabolism,CREBBP_mut,0.7332285854752034
OSU-03012,PDK1 (PDPK1),Metabolism,KRAS_mut,0.10854394214465174
OSU-03012,PDK1 (PDPK1),Metabolism,NRAS_mut,1.2629762904737387
OSU-03012,PDK1 (PDPK1),Metabolism,SACS_mut,0.4738458785006283
OSU-03012,PDK1 (PDPK1),Metabolism,TP53_mut,0.7583494539462206
Shikonin,not defined,Other,ASXL1_mut,0.8436939992232355
Shikonin,not defined,Other,CREBBP_mut,0.21440062880410118
Shikonin,not defined,Other,KRAS_mut,0.20307536213524677
Shikonin,not defined,Other,NRAS_mut,0.34245312557739993
Shikonin,not defined,Other,SACS_mut,0.5957236643413086
Shikonin,not defined,Other,TP53_mut,0.1701073178813731
AKT inhibitor VIII,"AKT1, AKT2, AKT3",PI3K/MTOR signaling,ASXL1_mut,0.7153127941493028
AKT inhibitor VIII,"AKT1, AKT2, AKT3",PI3K/MTOR signaling,CREBBP_mut,0.6025877314128114
AKT inhibitor VIII,"AKT1, AKT2, AKT3",PI3K/MTOR signaling,KRAS_mut,0.6547938105551622
AKT inhibitor VIII,"AKT1, AKT2, AKT3",PI3K/MTOR signaling,NRAS_mut,1.2880311919853762
AKT inhibitor VIII,"AKT1, AKT2, AKT3",PI3K/MTOR signaling,SACS_mut,0.3065398276084568
AKT inhibitor VIII,"AKT1, AKT2, AKT3",PI3K/MTOR signaling,TP53_mut,0.6644048721109354
Embelin,XIAP,Apoptosis regulation,ASXL1_mut,0.49592035098076226
Embelin,XIAP,Apoptosis regulation,CREBBP_mut,0.6528519041000511
Embelin,XIAP,Apoptosis regulation,KRAS_mut,0.07606171363577237
Embelin,XIAP,Apoptosis regulation,NRAS_mut,0.6699180633434828
Embelin,XIAP,Apoptosis regulation,SACS_mut,0.5946277661225804
Embelin,XIAP,Apoptosis regulation,TP53_mut,0.780756959781984
FH535,"PPARgamma, PPARdelta",Other,ASXL1_mut,0.0827892533871297
FH535,"PPARgamma, PPARdelta",Other,CREBBP_mut,0.588045574421194
FH535,"PPARgamma, PPARdelta",Other,KRAS_mut,0.21775022876575145
FH535,"PPARgamma, PPARdelta",Other,NRAS_mut,1.2936405185726683
FH535,"PPARgamma, PPARdelta",Other,SACS_mut,0.5158151970944681
FH535,"PPARgamma, PPARdelta",Other,TP53_mut,0.8367138473425811
PAC-1,"Procaspase-3, Procaspase-7",Apoptosis regulation,ASXL1_mut,1.0055619605317603
PAC-1,"Procaspase-3, Procaspase-7",Apoptosis regulation,CREBBP_mut,0.539947284850355
PAC-1,"Procaspase-3, Procaspase-7",Apoptosis regulation,KRAS_mut,0.15514544359142832
PAC-1,"Procaspase-3, Procaspase-7",Apoptosis regulation,NRAS_mut,0.8001341286187393
PAC-1,"Procaspase-3, Procaspase-7",Apoptosis regulation,SACS_mut,0.48807763102782814
PAC-1,"Procaspase-3, Procaspase-7",Apoptosis regulation,TP53_mut,0.47190453157160045
IPA-3,PAK1,Cytoskeleton,ASXL1_mut,0.623001953802778
IPA-3,PAK1,Cytoskeleton,CREBBP_mut,0.46179176384634735
IPA-3,PAK1,Cytoskeleton,KRAS_mut,0.4190366567920404
IPA-3,PAK1,Cytoskeleton,NRAS_mut,0.5179340234045008
IPA-3,PAK1,Cytoskeleton,SACS_mut,0.3604641374059089
IPA-3,PAK1,Cytoskeleton,TP53_mut,1.1205281584659756
GSK650394,"SGK2, SGK3","Other, kinases",ASXL1_mut,0.17591475964006523
GSK650394,"SGK2, SGK3","Other, kinases",CREBBP_mut,0.7106004581578671
GSK650394,"SGK2, SGK3","Other, kinases",KRAS_mut,0.7296370108512557
GSK650394,"SGK2, SGK3","Other, kinases",NRAS_mut,2.0222398796725587
GSK650394,"SGK2, SGK3","Other, kinases",SACS_mut,0.383575969092629
GSK650394,"SGK2, SGK3","Other, kinases",TP53_mut,1.2015183429186764
BAY-61-3606,SYK,"Other, kinases",ASXL1_mut,0.32478183854356435
BAY-61-3606,SYK,"Other, kinases",CREBBP_mut,1.052100982577278
BAY-61-3606,SYK,"Other, kinases",KRAS_mut,0.13007000513985223
BAY-61-3606,SYK,"Other, kinases",NRAS_mut,1.9166545593258626
BAY-61-3606,SYK,"Other, kinases",SACS_mut,0.6131429149041121
BAY-61-3606,SYK,"Other, kinases",TP53_mut,1.0055592584554292
5-Fluorouracil,Antimetabolite (DNA & RNA),Other,ASXL1_mut,0.1484385972394278
5-Fluorouracil,Antimetabolite (DNA & RNA),Other,CREBBP_mut,0.9019219047288232
5-Fluorouracil,Antimetabolite (DNA & RNA),Other,KRAS_mut,0.30814364197087124
5-Fluorouracil,Antimetabolite (DNA & RNA),Other,NRAS_mut,1.0596047533769564
5-Fluorouracil,Antimetabolite (DNA & RNA),Other,SACS_mut,1.0716666853508146
5-Fluorouracil,Antimetabolite (DNA & RNA),Other,TP53_mut,1.4200194853005976
Thapsigargin,SERCA,Other,ASXL1_mut,0.9426842762666642
Thapsigargin,SERCA,Other,CREBBP_mut,0.5438214452820342
Thapsigargin,SERCA,Other,KRAS_mut,1.2249706280093997
Thapsigargin,SERCA,Other,NRAS_mut,0.41042730479794703
Thapsigargin,SERCA,Other,SACS_mut,0.659061648444313
Thapsigargin,SERCA,Other,TP53_mut,0.27019409434336794
BMS-754807,"IGF1R, IR",RTK signaling,ASXL1_mut,0.6422312656792541
BMS-754807,"IGF1R, IR",RTK signaling,CREBBP_mut,0.18662357930379297
BMS-754807,"IGF1R, IR",RTK signaling,KRAS_mut,1.0426432101834753
BMS-754807,"IGF1R, IR",RTK signaling,NRAS_mut,1.4119970407326157
BMS-754807,"IGF1R, IR",RTK signaling,SACS_mut,0.8783518088948903
BMS-754807,"IGF1R, IR",RTK signaling,TP53_mut,0.7449756353132757
Linsitinib,IGF1R,IGF1R signaling,ASXL1_mut,0.7264756723893986
Linsitinib,IGF1R,IGF1R signaling,CREBBP_mut,0.2501168437766115
Linsitinib,IGF1R,IGF1R signaling,KRAS_mut,1.0859055792514243
Linsitinib,IGF1R,IGF1R signaling,NRAS_mut,0.8060055728312259
Linsitinib,IGF1R,IGF1R signaling,SACS_mut,0.6270471444175548
Linsitinib,IGF1R,IGF1R signaling,TP53_mut,0.4723684039603315
Bexarotene,Retinioic X receptor (RXR) agonist,Other,ASXL1_mut,0.6003449896962078
Bexarotene,Retinioic X receptor (RXR) agonist,Other,CREBBP_mut,0.46721657179900133
Bexarotene,Retinioic X receptor (RXR) agonist,Other,KRAS_mut,0.05308269026673031
Bexarotene,Retinioic X receptor (RXR) agonist,Other,NRAS_mut,0.6218248526184994
Bexarotene,Retinioic X receptor (RXR) agonist,Other,SACS_mut,0.5292902312875212
Bexarotene,Retinioic X receptor (RXR) agonist,Other,TP53_mut,0.8287655036719844
Bleomycin,dsDNA break induction,DNA replication,ASXL1_mut,0.13629601811953973
Bleomycin,dsDNA break induction,DNA replication,CREBBP_mut,0.5029423128884181
Bleomycin,dsDNA break induction,DNA replication,KRAS_mut,0.41806965954872416
Bleomycin,dsDNA break induction,DNA replication,NRAS_mut,2.2995816042108568
Bleomycin,dsDNA break induction,DNA replication,SACS_mut,0.9394945262382044
Bleomycin,dsDNA break induction,DNA replication,TP53_mut,1.058751416297306
LFM-A13,BTK,"Other, kinases",ASXL1_mut,0.6338318681573188
LFM-A13,BTK,"Other, kinases",CREBBP_mut,0.22217930527949004
LFM-A13,BTK,"Other, kinases",KRAS_mut,0.0710474821476547
LFM-A13,BTK,"Other, kinases",NRAS_mut,1.320872536025732
LFM-A13,BTK,"Other, kinases",SACS_mut,0.10665173508206237
LFM-A13,BTK,"Other, kinases",TP53_mut,0.4692657119106953
GW-2580,CSF1R,RTK signaling,ASXL1_mut,0.22598101171433346
GW-2580,CSF1R,RTK signaling,CREBBP_mut,0.18159276578469544
GW-2580,CSF1R,RTK signaling,KRAS_mut,0.8282632357922339
GW-2580,CSF1R,RTK signaling,NRAS_mut,0.39944712333287524
GW-2580,CSF1R,RTK signaling,SACS_mut,0.06709567387411218
GW-2580,CSF1R,RTK signaling,TP53_mut,0.6394105211752956
Luminespib,HSP90,Protein stability and degradation,ASXL1_mut,0.09039480619364372
Luminespib,HSP90,Protein stability and degradation,CREBBP_mut,0.9803386828497938
Luminespib,HSP90,Protein stability and degradation,KRAS_mut,0.3924284746029832
Luminespib,HSP90,Protein stability and degradation,NRAS_mut,1.7074545869301034
Luminespib,HSP90,Protein stability and degradation,SACS_mut,0.8075782342164888
Luminespib,HSP90,Protein stability and degradation,TP53_mut,1.878476187441124
Phenformin,Biguanide agent,Other,ASXL1_mut,0.042782148009515145
Phenformin,Biguanide agent,Other,CREBBP_mut,0.4202322224079507
Phenformin,Biguanide agent,Other,KRAS_mut,0.5168023135876897
Phenformin,Biguanide agent,Other,NRAS_mut,1.3960944801873723
Phenformin,Biguanide agent,Other,SACS_mut,0.4190446942724013
Phenformin,Biguanide agent,Other,TP53_mut,0.6718499367016691
Bryostatin 1,PKC,Other,ASXL1_mut,0.36679160792207155
Bryostatin 1,PKC,Other,CREBBP_mut,0.30905982559072803
Bryostatin 1,PKC,Other,KRAS_mut,0.4027879876200096
Bryostatin 1,PKC,Other,NRAS_mut,0.5562298202516635
Bryostatin 1,PKC,Other,SACS_mut,0.1834570801655881
Bryostatin 1,PKC,Other,TP53_mut,0.6702642132080971
Pazopanib,"CSF1R, KIT,  PDGFRA, PDGFRB",RTK signaling,ASXL1_mut,0.45991247490518583
Pazopanib,"CSF1R, KIT,  PDGFRA, PDGFRB",RTK signaling,CREBBP_mut,0.3187174268079268
Pazopanib,"CSF1R, KIT,  PDGFRA, PDGFRB",RTK signaling,KRAS_mut,0.7125355689740493
Pazopanib,"CSF1R, KIT,  PDGFRA, PDGFRB",RTK signaling,NRAS_mut,1.00106961203031
Pazopanib,"CSF1R, KIT,  PDGFRA, PDGFRB",RTK signaling,SACS_mut,0.1016674026557093
Pazopanib,"CSF1R, KIT,  PDGFRA, PDGFRB",RTK signaling,TP53_mut,0.4921995765481284
Dacinostat,HDAC1,Chromatin histone acetylation,ASXL1_mut,0.41407746197218986
Dacinostat,HDAC1,Chromatin histone acetylation,CREBBP_mut,0.9290436702524222
Dacinostat,HDAC1,Chromatin histone acetylation,KRAS_mut,1.1357739056505385
Dacinostat,HDAC1,Chromatin histone acetylation,NRAS_mut,1.3766079759299823
Dacinostat,HDAC1,Chromatin histone acetylation,SACS_mut,0.573044008559759
Dacinostat,HDAC1,Chromatin histone acetylation,TP53_mut,1.3761283394490402
Epothilone B,Microtubule stabiliser,Mitosis,ASXL1_mut,0.3168913988115789
Epothilone B,Microtubule stabiliser,Mitosis,CREBBP_mut,0.7268780060879753
Epothilone B,Microtubule stabiliser,Mitosis,KRAS_mut,0.35092256261634985
Epothilone B,Microtubule stabiliser,Mitosis,NRAS_mut,1.612234413271008
Epothilone B,Microtubule stabiliser,Mitosis,SACS_mut,0.796136329385012
Epothilone B,Microtubule stabiliser,Mitosis,TP53_mut,1.6774051639121028
GSK1904529A,"IGF1R, IR",RTK signaling,ASXL1_mut,0.9098234059472312
GSK1904529A,"IGF1R, IR",RTK signaling,CREBBP_mut,0.5536076520793668
GSK1904529A,"IGF1R, IR",RTK signaling,KRAS_mut,1.0723566817892483
GSK1904529A,"IGF1R, IR",RTK signaling,NRAS_mut,0.395067463516958
GSK1904529A,"IGF1R, IR",RTK signaling,SACS_mut,1.3068635487810518
GSK1904529A,"IGF1R, IR",RTK signaling,TP53_mut,0.28775560605401
BMS-345541,"IKK1, IKK2","Other, kinases",ASXL1_mut,0.939678036074192
BMS-345541,"IKK1, IKK2","Other, kinases",CREBBP_mut,0.8241781622781937
BMS-345541,"IKK1, IKK2","Other, kinases",KRAS_mut,0.12953200716843577
BMS-345541,"IKK1, IKK2","Other, kinases",NRAS_mut,1.213137650557401
BMS-345541,"IKK1, IKK2","Other, kinases",SACS_mut,0.23518119468903032
BMS-345541,"IKK1, IKK2","Other, kinases",TP53_mut,0.25063020571331074
Tipifarnib,Farnesyl-transferase (FNTA),Other,ASXL1_mut,0.5336919258864283
Tipifarnib,Farnesyl-transferase (FNTA),Other,CREBBP_mut,0.2926980631034576
Tipifarnib,Farnesyl-transferase (FNTA),Other,KRAS_mut,0.1046713298338616
Tipifarnib,Farnesyl-transferase (FNTA),Other,NRAS_mut,1.5880238453062885
Tipifarnib,Farnesyl-transferase (FNTA),Other,SACS_mut,0.8351485941290306
Tipifarnib,Farnesyl-transferase (FNTA),Other,TP53_mut,1.3708357094898915
Avagacestat,"Amyloid beta20, Amyloid beta40",Other,ASXL1_mut,1.021211019959202
Avagacestat,"Amyloid beta20, Amyloid beta40",Other,CREBBP_mut,0.49590896169808923
Avagacestat,"Amyloid beta20, Amyloid beta40",Other,KRAS_mut,0.7621316533559045
Avagacestat,"Amyloid beta20, Amyloid beta40",Other,NRAS_mut,0.23828527476813977
Avagacestat,"Amyloid beta20, Amyloid beta40",Other,SACS_mut,0.7300534465903135
Avagacestat,"Amyloid beta20, Amyloid beta40",Other,TP53_mut,0.810066411167427
Ruxolitinib,"JAK1, JAK2","Other, kinases",ASXL1_mut,0.20424693017115916
Ruxolitinib,"JAK1, JAK2","Other, kinases",CREBBP_mut,0.9527401216755957
Ruxolitinib,"JAK1, JAK2","Other, kinases",KRAS_mut,0.6286604191703682
Ruxolitinib,"JAK1, JAK2","Other, kinases",NRAS_mut,0.9307069407843216
Ruxolitinib,"JAK1, JAK2","Other, kinases",SACS_mut,1.837014157303523
Ruxolitinib,"JAK1, JAK2","Other, kinases",TP53_mut,0.008523717350279729
AS601245,"JNK1, JNK2, JNK2",JNK and p38 signaling,ASXL1_mut,0.49743815135423913
AS601245,"JNK1, JNK2, JNK2",JNK and p38 signaling,CREBBP_mut,0.25654951845320906
AS601245,"JNK1, JNK2, JNK2",JNK and p38 signaling,KRAS_mut,0.4738041468554898
AS601245,"JNK1, JNK2, JNK2",JNK and p38 signaling,NRAS_mut,1.4832339489544442
AS601245,"JNK1, JNK2, JNK2",JNK and p38 signaling,SACS_mut,0.24406586782523237
AS601245,"JNK1, JNK2, JNK2",JNK and p38 signaling,TP53_mut,1.014303835550088
Ispinesib Mesylate,KSP,Mitosis,ASXL1_mut,0.3125346904134348
Ispinesib Mesylate,KSP,Mitosis,CREBBP_mut,0.4228353356346208
Ispinesib Mesylate,KSP,Mitosis,KRAS_mut,0.5894823049161864
Ispinesib Mesylate,KSP,Mitosis,NRAS_mut,1.4826242636286617
Ispinesib Mesylate,KSP,Mitosis,SACS_mut,0.22927083285829664
Ispinesib Mesylate,KSP,Mitosis,TP53_mut,1.4083995008905423
TL-2-105,not defined,Other,ASXL1_mut,0.2984353237957203
TL-2-105,not defined,Other,CREBBP_mut,0.8699893387260664
TL-2-105,not defined,Other,KRAS_mut,1.0661978582730836
TL-2-105,not defined,Other,NRAS_mut,0.7763126105362177
TL-2-105,not defined,Other,SACS_mut,0.5213820091718824
TL-2-105,not defined,Other,TP53_mut,0.8148918986657088
AT-7519,"CDK1, CDK2, CDK4, CDK6, CDK9",Cell cycle,ASXL1_mut,0.6737779354162108
AT-7519,"CDK1, CDK2, CDK4, CDK6, CDK9",Cell cycle,CREBBP_mut,0.35805229339332584
AT-7519,"CDK1, CDK2, CDK4, CDK6, CDK9",Cell cycle,KRAS_mut,0.7907915368136301
AT-7519,"CDK1, CDK2, CDK4, CDK6, CDK9",Cell cycle,NRAS_mut,1.1414062302169758
AT-7519,"CDK1, CDK2, CDK4, CDK6, CDK9",Cell cycle,SACS_mut,0.1986152855065481
AT-7519,"CDK1, CDK2, CDK4, CDK6, CDK9",Cell cycle,TP53_mut,0.5131934700962446
TAK-715,"p38alpha, p38beta",JNK and p38 signaling,ASXL1_mut,0.13698366327947256
TAK-715,"p38alpha, p38beta",JNK and p38 signaling,CREBBP_mut,0.2528441011951361
TAK-715,"p38alpha, p38beta",JNK and p38 signaling,KRAS_mut,0.40343536523761286
TAK-715,"p38alpha, p38beta",JNK and p38 signaling,NRAS_mut,1.014554740203745
TAK-715,"p38alpha, p38beta",JNK and p38 signaling,SACS_mut,0.5354105406900459
TAK-715,"p38alpha, p38beta",JNK and p38 signaling,TP53_mut,0.3705330312978293
BX-912,PDK1 (PDPK1),Metabolism,ASXL1_mut,0.7054165204288527
BX-912,PDK1 (PDPK1),Metabolism,CREBBP_mut,0.17815067959118003
BX-912,PDK1 (PDPK1),Metabolism,KRAS_mut,0.07167571745091914
BX-912,PDK1 (PDPK1),Metabolism,NRAS_mut,1.7781177876782492
BX-912,PDK1 (PDPK1),Metabolism,SACS_mut,0.3993198940136113
BX-912,PDK1 (PDPK1),Metabolism,TP53_mut,0.592277503211803
ZSTK474,PI3K (class 1),PI3K/MTOR signaling,ASXL1_mut,0.5757555512468364
ZSTK474,PI3K (class 1),PI3K/MTOR signaling,CREBBP_mut,0.332488646168081
ZSTK474,PI3K (class 1),PI3K/MTOR signaling,KRAS_mut,0.5404405211691166
ZSTK474,PI3K (class 1),PI3K/MTOR signaling,NRAS_mut,1.4710827116572316
ZSTK474,PI3K (class 1),PI3K/MTOR signaling,SACS_mut,0.7037097016285147
ZSTK474,PI3K (class 1),PI3K/MTOR signaling,TP53_mut,0.8893597202240532
AS605240,PI3Kgamma,PI3K/MTOR signaling,ASXL1_mut,0.05166077911419971
AS605240,PI3Kgamma,PI3K/MTOR signaling,CREBBP_mut,0.3803430470354146
AS605240,PI3Kgamma,PI3K/MTOR signaling,KRAS_mut,0.5565195872052912
AS605240,PI3Kgamma,PI3K/MTOR signaling,NRAS_mut,0.3185900855575354
AS605240,PI3Kgamma,PI3K/MTOR signaling,SACS_mut,0.6914590264255531
AS605240,PI3Kgamma,PI3K/MTOR signaling,TP53_mut,0.20994943191827475
Genentech Cpd 10,"AURKA, AURKB",Mitosis,ASXL1_mut,0.5096504743954964
Genentech Cpd 10,"AURKA, AURKB",Mitosis,CREBBP_mut,0.31161506477560164
Genentech Cpd 10,"AURKA, AURKB",Mitosis,KRAS_mut,0.9629463693969352
Genentech Cpd 10,"AURKA, AURKB",Mitosis,NRAS_mut,1.201377078672663
Genentech Cpd 10,"AURKA, AURKB",Mitosis,SACS_mut,0.3201251105486982
Genentech Cpd 10,"AURKA, AURKB",Mitosis,TP53_mut,0.7809934536650698
GSK1070916,"AURKA, AURKC",Mitosis,ASXL1_mut,0.4668808492569513
GSK1070916,"AURKA, AURKC",Mitosis,CREBBP_mut,0.4604724477609852
GSK1070916,"AURKA, AURKC",Mitosis,KRAS_mut,0.3639785443068163
GSK1070916,"AURKA, AURKC",Mitosis,NRAS_mut,1.5708226931114568
GSK1070916,"AURKA, AURKC",Mitosis,SACS_mut,1.0471799452056827
GSK1070916,"AURKA, AURKC",Mitosis,TP53_mut,1.2800752009368188
AKT inhibitor VIII,"AKT1, AKT2, AKT3",PI3K/MTOR signaling,ASXL1_mut,0.8162273119012978
AKT inhibitor VIII,"AKT1, AKT2, AKT3",PI3K/MTOR signaling,CREBBP_mut,0.46671063381930994
AKT inhibitor VIII,"AKT1, AKT2, AKT3",PI3K/MTOR signaling,KRAS_mut,0.16850065896649483
AKT inhibitor VIII,"AKT1, AKT2, AKT3",PI3K/MTOR signaling,NRAS_mut,1.6055192179380777
AKT inhibitor VIII,"AKT1, AKT2, AKT3",PI3K/MTOR signaling,SACS_mut,0.43262949480197976
AKT inhibitor VIII,"AKT1, AKT2, AKT3",PI3K/MTOR signaling,TP53_mut,0.5541477860522405
Enzastaurin,PKCB,"Other, kinases",ASXL1_mut,0.2641064224939981
Enzastaurin,PKCB,"Other, kinases",CREBBP_mut,0.07857629260020635
Enzastaurin,PKCB,"Other, kinases",KRAS_mut,0.39648825585154085
Enzastaurin,PKCB,"Other, kinases",NRAS_mut,0.653064340096617
Enzastaurin,PKCB,"Other, kinases",SACS_mut,0.6491820481449954
Enzastaurin,PKCB,"Other, kinases",TP53_mut,0.1935463715264132
GSK429286A,"ROCK1, ROCK2",Cytoskeleton,ASXL1_mut,0.2400990622755221
GSK429286A,"ROCK1, ROCK2",Cytoskeleton,CREBBP_mut,0.5695190040534152
GSK429286A,"ROCK1, ROCK2",Cytoskeleton,KRAS_mut,0.534455577834867
GSK429286A,"ROCK1, ROCK2",Cytoskeleton,NRAS_mut,1.1159655722132853
GSK429286A,"ROCK1, ROCK2",Cytoskeleton,SACS_mut,0.18089148421606505
GSK429286A,"ROCK1, ROCK2",Cytoskeleton,TP53_mut,0.785965430564953
FMK,RSK,"Other, kinases",ASXL1_mut,0.2225132072804655
FMK,RSK,"Other, kinases",CREBBP_mut,0.21689733312392115
FMK,RSK,"Other, kinases",KRAS_mut,0.3633566161763243
FMK,RSK,"Other, kinases",NRAS_mut,0.4605395103315314
FMK,RSK,"Other, kinases",SACS_mut,0.7133020089992665
FMK,RSK,"Other, kinases",TP53_mut,0.35092516506160865
QL-XII-47,"BTK, BMX","Other, kinases",ASXL1_mut,0.24825720455077557
QL-XII-47,"BTK, BMX","Other, kinases",CREBBP_mut,0.41605995736872337
QL-XII-47,"BTK, BMX","Other, kinases",KRAS_mut,0.14653736983931043
QL-XII-47,"BTK, BMX","Other, kinases",NRAS_mut,1.460517648934494
QL-XII-47,"BTK, BMX","Other, kinases",SACS_mut,0.40707534709782167
QL-XII-47,"BTK, BMX","Other, kinases",TP53_mut,1.1592177427559935
IC-87114,PI3Kdelta,PI3K/MTOR signaling,ASXL1_mut,0.5744360361339877
IC-87114,PI3Kdelta,PI3K/MTOR signaling,CREBBP_mut,0.14302224254652443
IC-87114,PI3Kdelta,PI3K/MTOR signaling,KRAS_mut,0.3910780798308815
IC-87114,PI3Kdelta,PI3K/MTOR signaling,NRAS_mut,0.8945679795731999
IC-87114,PI3Kdelta,PI3K/MTOR signaling,SACS_mut,0.16084921086532258
IC-87114,PI3Kdelta,PI3K/MTOR signaling,TP53_mut,0.5884925800386549
Idelalisib,PI3Kdelta,PI3K/MTOR signaling,ASXL1_mut,0.625459933088941
Idelalisib,PI3Kdelta,PI3K/MTOR signaling,CREBBP_mut,0.34274098242837076
Idelalisib,PI3Kdelta,PI3K/MTOR signaling,KRAS_mut,0.5016766243692519
Idelalisib,PI3Kdelta,PI3K/MTOR signaling,NRAS_mut,1.863046988957802
Idelalisib,PI3Kdelta,PI3K/MTOR signaling,SACS_mut,0.6428706463897871
Idelalisib,PI3Kdelta,PI3K/MTOR signaling,TP53_mut,0.8642405099403457
UNC0638,G9a and GLP methyltransferases,Chromatin histone methylation,ASXL1_mut,0.22083862228268256
UNC0638,G9a and GLP methyltransferases,Chromatin histone methylation,CREBBP_mut,0.1982730391591899
UNC0638,G9a and GLP methyltransferases,Chromatin histone methylation,KRAS_mut,0.18762156913062542
UNC0638,G9a and GLP methyltransferases,Chromatin histone methylation,NRAS_mut,0.5640853630622498
UNC0638,G9a and GLP methyltransferases,Chromatin histone methylation,SACS_mut,0.4942261853289105
UNC0638,G9a and GLP methyltransferases,Chromatin histone methylation,TP53_mut,0.29545843966539936
Cabozantinib,"VEGFR, MET, RET, KIT, FLT1, FLT3, FLT4, TIE2,AXL",RTK signaling,ASXL1_mut,0.7289442718648287
Cabozantinib,"VEGFR, MET, RET, KIT, FLT1, FLT3, FLT4, TIE2,AXL",RTK signaling,CREBBP_mut,0.5858280651713553
Cabozantinib,"VEGFR, MET, RET, KIT, FLT1, FLT3, FLT4, TIE2,AXL",RTK signaling,KRAS_mut,0.31269433194432106
Cabozantinib,"VEGFR, MET, RET, KIT, FLT1, FLT3, FLT4, TIE2,AXL",RTK signaling,NRAS_mut,1.1747619978990027
Cabozantinib,"VEGFR, MET, RET, KIT, FLT1, FLT3, FLT4, TIE2,AXL",RTK signaling,SACS_mut,0.380690784252371
Cabozantinib,"VEGFR, MET, RET, KIT, FLT1, FLT3, FLT4, TIE2,AXL",RTK signaling,TP53_mut,0.5398742456628781
WZ3105,"SRC, ROCK2, NTRK2, FLT3, IRAK1, others",Other,ASXL1_mut,0.43008901357308077
WZ3105,"SRC, ROCK2, NTRK2, FLT3, IRAK1, others",Other,CREBBP_mut,0.38100880488412864
WZ3105,"SRC, ROCK2, NTRK2, FLT3, IRAK1, others",Other,KRAS_mut,0.5370665877932311
WZ3105,"SRC, ROCK2, NTRK2, FLT3, IRAK1, others",Other,NRAS_mut,0.7661970391278591
WZ3105,"SRC, ROCK2, NTRK2, FLT3, IRAK1, others",Other,SACS_mut,0.4184336128530294
WZ3105,"SRC, ROCK2, NTRK2, FLT3, IRAK1, others",Other,TP53_mut,0.8118400302594705
XMD14-99,"ALK, CDK7, LTK, others","Other, kinases",ASXL1_mut,0.07762154499805249
XMD14-99,"ALK, CDK7, LTK, others","Other, kinases",CREBBP_mut,0.3756114572749265
XMD14-99,"ALK, CDK7, LTK, others","Other, kinases",KRAS_mut,0.9655980736236688
XMD14-99,"ALK, CDK7, LTK, others","Other, kinases",NRAS_mut,1.7411052667969016
XMD14-99,"ALK, CDK7, LTK, others","Other, kinases",SACS_mut,0.18258872591496025
XMD14-99,"ALK, CDK7, LTK, others","Other, kinases",TP53_mut,0.6921526362391366
Quizartinib,FLT3,RTK signaling,ASXL1_mut,0.6196883208026036
Quizartinib,FLT3,RTK signaling,CREBBP_mut,0.4658465306496043
Quizartinib,FLT3,RTK signaling,KRAS_mut,0.8965361505693771
Quizartinib,FLT3,RTK signaling,NRAS_mut,0.8122857050014425
Quizartinib,FLT3,RTK signaling,SACS_mut,0.36994432983231557
Quizartinib,FLT3,RTK signaling,TP53_mut,0.22607630262834277
CP724714,ERBB2,EGFR signaling,ASXL1_mut,1.252210954383432
CP724714,ERBB2,EGFR signaling,CREBBP_mut,0.39754516564721337
CP724714,ERBB2,EGFR signaling,KRAS_mut,0.9440029265392185
CP724714,ERBB2,EGFR signaling,NRAS_mut,0.3165546057462527
CP724714,ERBB2,EGFR signaling,SACS_mut,0.5918103194716209
CP724714,ERBB2,EGFR signaling,TP53_mut,0.3005604076075738
JW-7-24-1,LCK,"Other, kinases",ASXL1_mut,0.11770210478973098
JW-7-24-1,LCK,"Other, kinases",CREBBP_mut,0.21227444451307542
JW-7-24-1,LCK,"Other, kinases",KRAS_mut,0.37701747273350383
JW-7-24-1,LCK,"Other, kinases",NRAS_mut,1.6251768056565867
JW-7-24-1,LCK,"Other, kinases",SACS_mut,0.28234797900111697
JW-7-24-1,LCK,"Other, kinases",TP53_mut,0.507126088499207
NPK76-II-72-1,PLK3,Cell cycle,ASXL1_mut,0.14189323624262237
NPK76-II-72-1,PLK3,Cell cycle,CREBBP_mut,0.6855100966062512
NPK76-II-72-1,PLK3,Cell cycle,KRAS_mut,0.6164675792927666
NPK76-II-72-1,PLK3,Cell cycle,NRAS_mut,1.5723698060697617
NPK76-II-72-1,PLK3,Cell cycle,SACS_mut,0.7681010004023525
NPK76-II-72-1,PLK3,Cell cycle,TP53_mut,0.5803028505168458
STF-62247,Autophagy inducer,Other,ASXL1_mut,0.05885541549875529
STF-62247,Autophagy inducer,Other,CREBBP_mut,1.0420773559958412
STF-62247,Autophagy inducer,Other,KRAS_mut,0.17461375577168806
STF-62247,Autophagy inducer,Other,NRAS_mut,0.4801584507957653
STF-62247,Autophagy inducer,Other,SACS_mut,1.1310594316173992
STF-62247,Autophagy inducer,Other,TP53_mut,0.1671486563279807
NG-25,"TAK1, M4K2","Other, kinases",ASXL1_mut,0.030231285104005443
NG-25,"TAK1, M4K2","Other, kinases",CREBBP_mut,1.0227966913613395
NG-25,"TAK1, M4K2","Other, kinases",KRAS_mut,0.9728513388767753
NG-25,"TAK1, M4K2","Other, kinases",NRAS_mut,1.2914679545955412
NG-25,"TAK1, M4K2","Other, kinases",SACS_mut,0.1298262789391748
NG-25,"TAK1, M4K2","Other, kinases",TP53_mut,0.6722042177185154
TL-1-85,"TAK1, MAP4K2","Other, kinases",ASXL1_mut,0.11944684066634598
TL-1-85,"TAK1, MAP4K2","Other, kinases",CREBBP_mut,1.037705466389239
TL-1-85,"TAK1, MAP4K2","Other, kinases",KRAS_mut,1.0202144739838754
TL-1-85,"TAK1, MAP4K2","Other, kinases",NRAS_mut,1.292097587646237
TL-1-85,"TAK1, MAP4K2","Other, kinases",SACS_mut,0.2009800958473063
TL-1-85,"TAK1, MAP4K2","Other, kinases",TP53_mut,0.7169261226877319
VX-11e,ERK2,ERK MAPK signaling,ASXL1_mut,0.3149576838332428
VX-11e,ERK2,ERK MAPK signaling,CREBBP_mut,0.38923624591224987
VX-11e,ERK2,ERK MAPK signaling,KRAS_mut,0.32291148249757207
VX-11e,ERK2,ERK MAPK signaling,NRAS_mut,0.1187885143582323
VX-11e,ERK2,ERK MAPK signaling,SACS_mut,0.6238775863981649
VX-11e,ERK2,ERK MAPK signaling,TP53_mut,0.3248251859120909
FR-180204,"ERK1, ERK2",ERK MAPK signaling,ASXL1_mut,0.25621051685189045
FR-180204,"ERK1, ERK2",ERK MAPK signaling,CREBBP_mut,0.36361431424271445
FR-180204,"ERK1, ERK2",ERK MAPK signaling,KRAS_mut,0.3604003859424538
FR-180204,"ERK1, ERK2",ERK MAPK signaling,NRAS_mut,1.1468147959707267
FR-180204,"ERK1, ERK2",ERK MAPK signaling,SACS_mut,0.4382063526064022
FR-180204,"ERK1, ERK2",ERK MAPK signaling,TP53_mut,0.7661012159504348
ACY-1215,HDAC6,Chromatin histone acetylation,ASXL1_mut,0.5311245252578112
ACY-1215,HDAC6,Chromatin histone acetylation,CREBBP_mut,0.7319942586729934
ACY-1215,HDAC6,Chromatin histone acetylation,KRAS_mut,1.0051337803368527
ACY-1215,HDAC6,Chromatin histone acetylation,NRAS_mut,1.0585240735715273
ACY-1215,HDAC6,Chromatin histone acetylation,SACS_mut,0.6202130725098879
ACY-1215,HDAC6,Chromatin histone acetylation,TP53_mut,0.835051277329611
Tubastatin A,"HDAC1, HDAC6, HDAC8",Chromatin histone acetylation,ASXL1_mut,0.17247635292028043
Tubastatin A,"HDAC1, HDAC6, HDAC8",Chromatin histone acetylation,CREBBP_mut,0.40926707542503415
Tubastatin A,"HDAC1, HDAC6, HDAC8",Chromatin histone acetylation,KRAS_mut,0.4828958400028086
Tubastatin A,"HDAC1, HDAC6, HDAC8",Chromatin histone acetylation,NRAS_mut,0.7532160230733447
Tubastatin A,"HDAC1, HDAC6, HDAC8",Chromatin histone acetylation,SACS_mut,0.7708278252167459
Tubastatin A,"HDAC1, HDAC6, HDAC8",Chromatin histone acetylation,TP53_mut,0.5127588893736518
Zibotentan,Endothelin-1 receptor (EDNRA),Other,ASXL1_mut,1.1596165722273588
Zibotentan,Endothelin-1 receptor (EDNRA),Other,CREBBP_mut,0.9187594094094896
Zibotentan,Endothelin-1 receptor (EDNRA),Other,KRAS_mut,0.7698420470283898
Zibotentan,Endothelin-1 receptor (EDNRA),Other,NRAS_mut,0.6603041923409785
Zibotentan,Endothelin-1 receptor (EDNRA),Other,SACS_mut,0.923051157326762
Zibotentan,Endothelin-1 receptor (EDNRA),Other,TP53_mut,0.7965153590253147
Sepantronium bromide,BIRC5,Apoptosis regulation,ASXL1_mut,0.2021783907646938
Sepantronium bromide,BIRC5,Apoptosis regulation,CREBBP_mut,0.02844220016116771
Sepantronium bromide,BIRC5,Apoptosis regulation,KRAS_mut,0.06097763495214571
Sepantronium bromide,BIRC5,Apoptosis regulation,NRAS_mut,0.039999241487348666
Sepantronium bromide,BIRC5,Apoptosis regulation,SACS_mut,0.051488707617901086
Sepantronium bromide,BIRC5,Apoptosis regulation,TP53_mut,0.5733617775366276
NSC-207895,MDM4,p53 pathway,ASXL1_mut,0.06916828216231984
NSC-207895,MDM4,p53 pathway,CREBBP_mut,0.3129036906308016
NSC-207895,MDM4,p53 pathway,KRAS_mut,0.5054957226697462
NSC-207895,MDM4,p53 pathway,NRAS_mut,1.304094950925971
NSC-207895,MDM4,p53 pathway,SACS_mut,0.6439900589830592
NSC-207895,MDM4,p53 pathway,TP53_mut,0.6356406629136289
VNLG/124,"HDAC,RAR",Chromatin histone acetylation,ASXL1_mut,0.6405157770456746
VNLG/124,"HDAC,RAR",Chromatin histone acetylation,CREBBP_mut,0.1318278042740874
VNLG/124,"HDAC,RAR",Chromatin histone acetylation,KRAS_mut,0.24317872650194144
VNLG/124,"HDAC,RAR",Chromatin histone acetylation,NRAS_mut,0.6783084138881301
VNLG/124,"HDAC,RAR",Chromatin histone acetylation,SACS_mut,0.38260616755864435
VNLG/124,"HDAC,RAR",Chromatin histone acetylation,TP53_mut,0.7697512391201334
AR-42,HDAC1,Chromatin histone acetylation,ASXL1_mut,0.486856366604891
AR-42,HDAC1,Chromatin histone acetylation,CREBBP_mut,0.8701421355320259
AR-42,HDAC1,Chromatin histone acetylation,KRAS_mut,1.6862626251176318
AR-42,HDAC1,Chromatin histone acetylation,NRAS_mut,1.0436777805730446
AR-42,HDAC1,Chromatin histone acetylation,SACS_mut,0.7606551537066615
AR-42,HDAC1,Chromatin histone acetylation,TP53_mut,0.7976927353916985
CUDC-101,"HDAC1-10, EGFR, ERBB2",Other,ASXL1_mut,0.08721358473364249
CUDC-101,"HDAC1-10, EGFR, ERBB2",Other,CREBBP_mut,1.0750075324633015
CUDC-101,"HDAC1-10, EGFR, ERBB2",Other,KRAS_mut,1.1231687130825105
CUDC-101,"HDAC1-10, EGFR, ERBB2",Other,NRAS_mut,1.016708511601497
CUDC-101,"HDAC1-10, EGFR, ERBB2",Other,SACS_mut,0.6400043843093229
CUDC-101,"HDAC1-10, EGFR, ERBB2",Other,TP53_mut,0.9911542945815002
Belinostat,HDAC1,Chromatin histone acetylation,ASXL1_mut,0.7214842062223142
Belinostat,HDAC1,Chromatin histone acetylation,CREBBP_mut,0.5749483864346763
Belinostat,HDAC1,Chromatin histone acetylation,KRAS_mut,1.8020426369307154
Belinostat,HDAC1,Chromatin histone acetylation,NRAS_mut,0.7975777843309244
Belinostat,HDAC1,Chromatin histone acetylation,SACS_mut,0.6313893689053294
Belinostat,HDAC1,Chromatin histone acetylation,TP53_mut,0.7490813474709761
I-BET-762,"BRD2, BRD3, BRD4",Chromatin other,ASXL1_mut,0.3345647525253574
I-BET-762,"BRD2, BRD3, BRD4",Chromatin other,CREBBP_mut,0.48013962657561815
I-BET-762,"BRD2, BRD3, BRD4",Chromatin other,KRAS_mut,0.31426978705877934
I-BET-762,"BRD2, BRD3, BRD4",Chromatin other,NRAS_mut,0.7973297067580396
I-BET-762,"BRD2, BRD3, BRD4",Chromatin other,SACS_mut,0.9856528682158799
I-BET-762,"BRD2, BRD3, BRD4",Chromatin other,TP53_mut,0.7308510214705435
CAY10603,"HDAC1, HDAC6",Chromatin histone acetylation,ASXL1_mut,0.7886512335253171
CAY10603,"HDAC1, HDAC6",Chromatin histone acetylation,CREBBP_mut,0.5259527014486227
CAY10603,"HDAC1, HDAC6",Chromatin histone acetylation,KRAS_mut,1.5062047722642922
CAY10603,"HDAC1, HDAC6",Chromatin histone acetylation,NRAS_mut,0.851727495621066
CAY10603,"HDAC1, HDAC6",Chromatin histone acetylation,SACS_mut,0.5968873133883053
CAY10603,"HDAC1, HDAC6",Chromatin histone acetylation,TP53_mut,0.6087998101131413
Linifanib,"VEGFR1, VEGFR2, VEGFR3, CSF1R, FLT3, KIT",RTK signaling,ASXL1_mut,0.722754585419984
Linifanib,"VEGFR1, VEGFR2, VEGFR3, CSF1R, FLT3, KIT",RTK signaling,CREBBP_mut,0.48643175847002623
Linifanib,"VEGFR1, VEGFR2, VEGFR3, CSF1R, FLT3, KIT",RTK signaling,KRAS_mut,0.5064466391731812
Linifanib,"VEGFR1, VEGFR2, VEGFR3, CSF1R, FLT3, KIT",RTK signaling,NRAS_mut,0.9612193111132931
Linifanib,"VEGFR1, VEGFR2, VEGFR3, CSF1R, FLT3, KIT",RTK signaling,SACS_mut,0.41105497226879834
Linifanib,"VEGFR1, VEGFR2, VEGFR3, CSF1R, FLT3, KIT",RTK signaling,TP53_mut,0.2811241685585214
BIX02189,"MEK5, ERK5",ERK MAPK signaling,ASXL1_mut,0.1415023717211317
BIX02189,"MEK5, ERK5",ERK MAPK signaling,CREBBP_mut,0.8246860904352098
BIX02189,"MEK5, ERK5",ERK MAPK signaling,KRAS_mut,0.2466780709856672
BIX02189,"MEK5, ERK5",ERK MAPK signaling,NRAS_mut,1.634963255970884
BIX02189,"MEK5, ERK5",ERK MAPK signaling,SACS_mut,0.3339691052782594
BIX02189,"MEK5, ERK5",ERK MAPK signaling,TP53_mut,1.0301128249202285
Alectinib,ALK,RTK signaling,ASXL1_mut,0.3695580447125961
Alectinib,ALK,RTK signaling,CREBBP_mut,0.23519646302997907
Alectinib,ALK,RTK signaling,KRAS_mut,0.7062488947376948
Alectinib,ALK,RTK signaling,NRAS_mut,0.36923821286290015
Alectinib,ALK,RTK signaling,SACS_mut,0.20238070251964363
Alectinib,ALK,RTK signaling,TP53_mut,0.038097104494021976
Pelitinib,EGFR,EGFR signaling,ASXL1_mut,0.4012628012623042
Pelitinib,EGFR,EGFR signaling,CREBBP_mut,1.026867702609345
Pelitinib,EGFR,EGFR signaling,KRAS_mut,0.6184738051280826
Pelitinib,EGFR,EGFR signaling,NRAS_mut,0.48410778390495507
Pelitinib,EGFR,EGFR signaling,SACS_mut,0.23635948853867073
Pelitinib,EGFR,EGFR signaling,TP53_mut,0.3481420427672451
Omipalisib,"PI3K (class 1), MTORC1, MTORC2",PI3K/MTOR signaling,ASXL1_mut,0.6929770527586139
Omipalisib,"PI3K (class 1), MTORC1, MTORC2",PI3K/MTOR signaling,CREBBP_mut,0.3194120149516986
Omipalisib,"PI3K (class 1), MTORC1, MTORC2",PI3K/MTOR signaling,KRAS_mut,0.6327727264634914
Omipalisib,"PI3K (class 1), MTORC1, MTORC2",PI3K/MTOR signaling,NRAS_mut,1.09827964192881
Omipalisib,"PI3K (class 1), MTORC1, MTORC2",PI3K/MTOR signaling,SACS_mut,0.8860659867661966
Omipalisib,"PI3K (class 1), MTORC1, MTORC2",PI3K/MTOR signaling,TP53_mut,0.46217425769666576
JNJ38877605,MET,RTK signaling,ASXL1_mut,1.0893902394392314
JNJ38877605,MET,RTK signaling,CREBBP_mut,0.5620525966893543
JNJ38877605,MET,RTK signaling,KRAS_mut,0.8423917341510075
JNJ38877605,MET,RTK signaling,NRAS_mut,0.7770504262163243
JNJ38877605,MET,RTK signaling,SACS_mut,0.6911098047982083
JNJ38877605,MET,RTK signaling,TP53_mut,0.5504495280142628
SU11274,MET,RTK signaling,ASXL1_mut,0.7132628035886464
SU11274,MET,RTK signaling,CREBBP_mut,0.23568313189376316
SU11274,MET,RTK signaling,KRAS_mut,1.3381092196889512
SU11274,MET,RTK signaling,NRAS_mut,1.3222764025196432
SU11274,MET,RTK signaling,SACS_mut,0.5210670769177431
SU11274,MET,RTK signaling,TP53_mut,0.9018956347956152
KIN001-236,"HDAC6, HDAC10",Chromatin histone acetylation,ASXL1_mut,0.7384995226767517
KIN001-236,"HDAC6, HDAC10",Chromatin histone acetylation,CREBBP_mut,0.13926005070031747
KIN001-236,"HDAC6, HDAC10",Chromatin histone acetylation,KRAS_mut,0.3459042580833424
KIN001-236,"HDAC6, HDAC10",Chromatin histone acetylation,NRAS_mut,1.1748746343353174
KIN001-236,"HDAC6, HDAC10",Chromatin histone acetylation,SACS_mut,0.2720293073191184
KIN001-236,"HDAC6, HDAC10",Chromatin histone acetylation,TP53_mut,0.919027713020632
KIN001-244,PDK1,"Other, kinases",ASXL1_mut,0.06306122807299089
KIN001-244,PDK1,"Other, kinases",CREBBP_mut,0.4914458494474443
KIN001-244,PDK1,"Other, kinases",KRAS_mut,0.34355877252490813
KIN001-244,PDK1,"Other, kinases",NRAS_mut,1.319654865327352
KIN001-244,PDK1,"Other, kinases",SACS_mut,0.6389440242378249
KIN001-244,PDK1,"Other, kinases",TP53_mut,1.216302265041714
WHI-P97,JAK3,"Other, kinases",ASXL1_mut,0.06983863794376631
WHI-P97,JAK3,"Other, kinases",CREBBP_mut,0.3959449763638445
WHI-P97,JAK3,"Other, kinases",KRAS_mut,0.586439168531571
WHI-P97,JAK3,"Other, kinases",NRAS_mut,0.44100510725259495
WHI-P97,JAK3,"Other, kinases",SACS_mut,0.23262768639189654
WHI-P97,JAK3,"Other, kinases",TP53_mut,0.007484925663699686
KIN001-042,GSK3B,WNT signaling,ASXL1_mut,0.1851628240382616
KIN001-042,GSK3B,WNT signaling,CREBBP_mut,0.8780090385549149
KIN001-042,GSK3B,WNT signaling,KRAS_mut,0.3958657544062407
KIN001-042,GSK3B,WNT signaling,NRAS_mut,1.1940192176299873
KIN001-042,GSK3B,WNT signaling,SACS_mut,0.9215193195465724
KIN001-042,GSK3B,WNT signaling,TP53_mut,0.4867144307439648
KIN001-260,CDC7,DNA replication,ASXL1_mut,0.14905136211933517
KIN001-260,CDC7,DNA replication,CREBBP_mut,0.5844911462526737
KIN001-260,CDC7,DNA replication,KRAS_mut,0.30106119593095676
KIN001-260,CDC7,DNA replication,NRAS_mut,2.0234628899003004
KIN001-260,CDC7,DNA replication,SACS_mut,0.5512867761285333
KIN001-260,CDC7,DNA replication,TP53_mut,0.7181145464600255
KIN001-266,CDC7,DNA replication,ASXL1_mut,0.2874148188418573
KIN001-266,CDC7,DNA replication,CREBBP_mut,0.5321650685961986
KIN001-266,CDC7,DNA replication,KRAS_mut,0.3244517711005153
KIN001-266,CDC7,DNA replication,NRAS_mut,0.17636577256829827
KIN001-266,CDC7,DNA replication,SACS_mut,0.043473629279725465
KIN001-266,CDC7,DNA replication,TP53_mut,0.04660281462901037
Masitinib,"KIT, PDGFRA, PDGFRB",RTK signaling,ASXL1_mut,0.30650125510217074
Masitinib,"KIT, PDGFRA, PDGFRB",RTK signaling,KRAS_mut,0.5385532477434551
Masitinib,"KIT, PDGFRA, PDGFRB",RTK signaling,NRAS_mut,0.8249750025435253
Masitinib,"KIT, PDGFRA, PDGFRB",RTK signaling,TP53_mut,0.27429518746625214
Amuvatinib,"KIT, PDGFRA, FLT3",RTK signaling,ASXL1_mut,0.06432327578029527
Amuvatinib,"KIT, PDGFRA, FLT3",RTK signaling,CREBBP_mut,0.10102384320163639
Amuvatinib,"KIT, PDGFRA, FLT3",RTK signaling,KRAS_mut,0.6313412938661438
Amuvatinib,"KIT, PDGFRA, FLT3",RTK signaling,NRAS_mut,0.47110975901952457
Amuvatinib,"KIT, PDGFRA, FLT3",RTK signaling,SACS_mut,0.11357182671230419
Amuvatinib,"KIT, PDGFRA, FLT3",RTK signaling,TP53_mut,0.31340887008041307
MPS-1-IN-1,MPS1,Mitosis,ASXL1_mut,0.7636460988909639
MPS-1-IN-1,MPS1,Mitosis,CREBBP_mut,0.8295424652615573
MPS-1-IN-1,MPS1,Mitosis,KRAS_mut,0.945525039096105
MPS-1-IN-1,MPS1,Mitosis,NRAS_mut,0.9615590886879883
MPS-1-IN-1,MPS1,Mitosis,SACS_mut,1.6338633397978761
MPS-1-IN-1,MPS1,Mitosis,TP53_mut,0.8361652522083594
NVP-BHG712,"EPHB4, RAF, SRC, ABL","Other, kinases",ASXL1_mut,0.7401259621766306
NVP-BHG712,"EPHB4, RAF, SRC, ABL","Other, kinases",CREBBP_mut,1.1544284391815247
NVP-BHG712,"EPHB4, RAF, SRC, ABL","Other, kinases",KRAS_mut,0.43898755169440273
NVP-BHG712,"EPHB4, RAF, SRC, ABL","Other, kinases",NRAS_mut,0.5443080660427031
NVP-BHG712,"EPHB4, RAF, SRC, ABL","Other, kinases",SACS_mut,0.37262643803795803
NVP-BHG712,"EPHB4, RAF, SRC, ABL","Other, kinases",TP53_mut,1.1558405733048478
OSI-930,"KIT, VEGFR2",RTK signaling,ASXL1_mut,0.178816565923847
OSI-930,"KIT, VEGFR2",RTK signaling,CREBBP_mut,0.5785925708866831
OSI-930,"KIT, VEGFR2",RTK signaling,KRAS_mut,1.1444387230704653
OSI-930,"KIT, VEGFR2",RTK signaling,NRAS_mut,0.6602407435318586
OSI-930,"KIT, VEGFR2",RTK signaling,SACS_mut,0.35926507759013726
OSI-930,"KIT, VEGFR2",RTK signaling,TP53_mut,0.679110717139925
OSI-027,"MTORC1, MTORC2",PI3K/MTOR signaling,ASXL1_mut,0.4889050726392453
OSI-027,"MTORC1, MTORC2",PI3K/MTOR signaling,CREBBP_mut,0.8122401300027802
OSI-027,"MTORC1, MTORC2",PI3K/MTOR signaling,KRAS_mut,0.5355120854430324
OSI-027,"MTORC1, MTORC2",PI3K/MTOR signaling,NRAS_mut,1.64135147695333
OSI-027,"MTORC1, MTORC2",PI3K/MTOR signaling,SACS_mut,1.0963229483881987
OSI-027,"MTORC1, MTORC2",PI3K/MTOR signaling,TP53_mut,0.6461607918689899
CX-5461,RNA Polymerase 1,Other,ASXL1_mut,1.1514278249681613
CX-5461,RNA Polymerase 1,Other,CREBBP_mut,0.4581408517675927
CX-5461,RNA Polymerase 1,Other,KRAS_mut,1.3223423090414061
CX-5461,RNA Polymerase 1,Other,NRAS_mut,1.088213214217024
CX-5461,RNA Polymerase 1,Other,SACS_mut,0.29651988606800894
CX-5461,RNA Polymerase 1,Other,TP53_mut,1.524445096397652
PHA-793887,"CDK2, CDK7, CDK5",Cell cycle,ASXL1_mut,0.318202350483525
PHA-793887,"CDK2, CDK7, CDK5",Cell cycle,CREBBP_mut,0.12307397977966293
PHA-793887,"CDK2, CDK7, CDK5",Cell cycle,KRAS_mut,0.2784298110749965
PHA-793887,"CDK2, CDK7, CDK5",Cell cycle,NRAS_mut,1.3784638417836639
PHA-793887,"CDK2, CDK7, CDK5",Cell cycle,SACS_mut,0.20562452112291374
PHA-793887,"CDK2, CDK7, CDK5",Cell cycle,TP53_mut,0.681472048415868
PI-103,"PI3Kalpha, DAPK3, CLK4, PIM3, HIPK2","Other, kinases",ASXL1_mut,0.6918224052641623
PI-103,"PI3Kalpha, DAPK3, CLK4, PIM3, HIPK2","Other, kinases",CREBBP_mut,0.18429989147945366
PI-103,"PI3Kalpha, DAPK3, CLK4, PIM3, HIPK2","Other, kinases",KRAS_mut,0.6929533947493787
PI-103,"PI3Kalpha, DAPK3, CLK4, PIM3, HIPK2","Other, kinases",NRAS_mut,1.8683738880243745
PI-103,"PI3Kalpha, DAPK3, CLK4, PIM3, HIPK2","Other, kinases",SACS_mut,0.6940279473320267
PI-103,"PI3Kalpha, DAPK3, CLK4, PIM3, HIPK2","Other, kinases",TP53_mut,0.7535144218341735
PIK-93,PK3CG,PI3K/MTOR signaling,ASXL1_mut,0.5934289462442277
PIK-93,PK3CG,PI3K/MTOR signaling,CREBBP_mut,0.8473623105508914
PIK-93,PK3CG,PI3K/MTOR signaling,KRAS_mut,0.7724306863266964
PIK-93,PK3CG,PI3K/MTOR signaling,NRAS_mut,1.5829883947021601
PIK-93,PK3CG,PI3K/MTOR signaling,SACS_mut,1.1591693543822175
PIK-93,PK3CG,PI3K/MTOR signaling,TP53_mut,1.1825577791076267
SB52334,ALK5,RTK signaling,ASXL1_mut,1.215194117414636
SB52334,ALK5,RTK signaling,CREBBP_mut,0.2431403123449568
SB52334,ALK5,RTK signaling,KRAS_mut,1.7910430282623568
SB52334,ALK5,RTK signaling,NRAS_mut,0.7692742794378468
SB52334,ALK5,RTK signaling,SACS_mut,0.8516025654965315
SB52334,ALK5,RTK signaling,TP53_mut,0.608188766757333
TPCA-1,IKK2,"Other, kinases",ASXL1_mut,0.20829190589280483
TPCA-1,IKK2,"Other, kinases",CREBBP_mut,0.35522843593723763
TPCA-1,IKK2,"Other, kinases",KRAS_mut,0.15720421933930387
TPCA-1,IKK2,"Other, kinases",NRAS_mut,2.5191900339774262
TPCA-1,IKK2,"Other, kinases",SACS_mut,0.6546429735055732
TPCA-1,IKK2,"Other, kinases",TP53_mut,0.6164663249545922
Fedratinib,JAK2,"Other, kinases",ASXL1_mut,0.44865616685903636
Fedratinib,JAK2,"Other, kinases",CREBBP_mut,0.23199666975718927
Fedratinib,JAK2,"Other, kinases",KRAS_mut,0.4475563152651755
Fedratinib,JAK2,"Other, kinases",NRAS_mut,2.1626426677270305
Fedratinib,JAK2,"Other, kinases",SACS_mut,0.49696946773396083
Fedratinib,JAK2,"Other, kinases",TP53_mut,0.41764746950612053
Foretinib,"MET, KDR, TIE2, VEGFR3/FLT4, RON, PDGFR, FGFR1, EGFR",RTK signaling,ASXL1_mut,0.5227633944657392
Foretinib,"MET, KDR, TIE2, VEGFR3/FLT4, RON, PDGFR, FGFR1, EGFR",RTK signaling,CREBBP_mut,0.8214611921413482
Foretinib,"MET, KDR, TIE2, VEGFR3/FLT4, RON, PDGFR, FGFR1, EGFR",RTK signaling,KRAS_mut,0.3703599785265259
Foretinib,"MET, KDR, TIE2, VEGFR3/FLT4, RON, PDGFR, FGFR1, EGFR",RTK signaling,NRAS_mut,1.4749481074226782
Foretinib,"MET, KDR, TIE2, VEGFR3/FLT4, RON, PDGFR, FGFR1, EGFR",RTK signaling,SACS_mut,0.6759005144948467
Foretinib,"MET, KDR, TIE2, VEGFR3/FLT4, RON, PDGFR, FGFR1, EGFR",RTK signaling,TP53_mut,0.6555734009272078
Y-39983,ROCK,Cytoskeleton,ASXL1_mut,0.4509606981582079
Y-39983,ROCK,Cytoskeleton,CREBBP_mut,0.22273190479982652
Y-39983,ROCK,Cytoskeleton,KRAS_mut,1.142914550677847
Y-39983,ROCK,Cytoskeleton,NRAS_mut,1.9471088812054176
Y-39983,ROCK,Cytoskeleton,SACS_mut,0.7509648658232895
Y-39983,ROCK,Cytoskeleton,TP53_mut,0.8786797994202105
YM201636,PIKFYVE,PI3K/MTOR signaling,ASXL1_mut,0.17190182900677062
YM201636,PIKFYVE,PI3K/MTOR signaling,CREBBP_mut,0.4898546884109789
YM201636,PIKFYVE,PI3K/MTOR signaling,KRAS_mut,0.22630988440625344
YM201636,PIKFYVE,PI3K/MTOR signaling,NRAS_mut,1.6478983946156627
YM201636,PIKFYVE,PI3K/MTOR signaling,SACS_mut,0.4535247959089409
YM201636,PIKFYVE,PI3K/MTOR signaling,TP53_mut,1.026720599999107
Tivozanib,"VEGFR1, VEGFR2, VEGFR3, PDGFR, KIT",RTK signaling,ASXL1_mut,0.2670780405377053
Tivozanib,"VEGFR1, VEGFR2, VEGFR3, PDGFR, KIT",RTK signaling,CREBBP_mut,0.19412849486506256
Tivozanib,"VEGFR1, VEGFR2, VEGFR3, PDGFR, KIT",RTK signaling,KRAS_mut,0.9361650708233289
Tivozanib,"VEGFR1, VEGFR2, VEGFR3, PDGFR, KIT",RTK signaling,NRAS_mut,0.901981532352909
Tivozanib,"VEGFR1, VEGFR2, VEGFR3, PDGFR, KIT",RTK signaling,SACS_mut,0.12803850172702674
Tivozanib,"VEGFR1, VEGFR2, VEGFR3, PDGFR, KIT",RTK signaling,TP53_mut,0.25599718560179296
WYE-125132,mTOR,PI3K/MTOR signaling,ASXL1_mut,0.09568662682548418
WYE-125132,mTOR,PI3K/MTOR signaling,CREBBP_mut,0.44235982074370533
WYE-125132,mTOR,PI3K/MTOR signaling,KRAS_mut,0.36917285763900287
WYE-125132,mTOR,PI3K/MTOR signaling,NRAS_mut,1.2636736086339928
WYE-125132,mTOR,PI3K/MTOR signaling,SACS_mut,0.9225054195406106
WYE-125132,mTOR,PI3K/MTOR signaling,TP53_mut,0.5624777531276741
GSK690693,"AKT1, AKT2, AKT3",PI3K/MTOR signaling,ASXL1_mut,0.6137566958409714
GSK690693,"AKT1, AKT2, AKT3",PI3K/MTOR signaling,CREBBP_mut,0.16257401832693152
GSK690693,"AKT1, AKT2, AKT3",PI3K/MTOR signaling,KRAS_mut,0.09173385956528435
GSK690693,"AKT1, AKT2, AKT3",PI3K/MTOR signaling,NRAS_mut,1.126471015805425
GSK690693,"AKT1, AKT2, AKT3",PI3K/MTOR signaling,SACS_mut,0.3140401822631247
GSK690693,"AKT1, AKT2, AKT3",PI3K/MTOR signaling,TP53_mut,0.3715362928933693
SNX-2112,HSP90,Protein stability and degradation,ASXL1_mut,0.07942222312143002
SNX-2112,HSP90,Protein stability and degradation,CREBBP_mut,0.9454107365088623
SNX-2112,HSP90,Protein stability and degradation,KRAS_mut,0.29062192674630855
SNX-2112,HSP90,Protein stability and degradation,NRAS_mut,1.536247945244595
SNX-2112,HSP90,Protein stability and degradation,SACS_mut,0.9189851042777342
SNX-2112,HSP90,Protein stability and degradation,TP53_mut,1.2085420467217345
QL-XI-92,DDR1,Cytoskeleton,ASXL1_mut,0.30934000081413604
QL-XI-92,DDR1,Cytoskeleton,CREBBP_mut,0.8309932056847223
QL-XI-92,DDR1,Cytoskeleton,KRAS_mut,1.6174724594463283
QL-XI-92,DDR1,Cytoskeleton,NRAS_mut,0.9902427278418158
QL-XI-92,DDR1,Cytoskeleton,SACS_mut,0.4173210827989438
QL-XI-92,DDR1,Cytoskeleton,TP53_mut,1.0059156188478104
XMD13-2,MRCKB,Cytoskeleton,ASXL1_mut,0.1355015735569926
XMD13-2,MRCKB,Cytoskeleton,CREBBP_mut,0.2945729344048858
XMD13-2,MRCKB,Cytoskeleton,KRAS_mut,0.1285294913401445
XMD13-2,MRCKB,Cytoskeleton,NRAS_mut,1.7977023073497438
XMD13-2,MRCKB,Cytoskeleton,SACS_mut,0.09309311335385845
XMD13-2,MRCKB,Cytoskeleton,TP53_mut,0.7776498976437292
QL-X-138,BTK,"Other, kinases",ASXL1_mut,0.28662480168803506
QL-X-138,BTK,"Other, kinases",CREBBP_mut,0.18526466768700392
QL-X-138,BTK,"Other, kinases",KRAS_mut,0.3899873076218479
QL-X-138,BTK,"Other, kinases",NRAS_mut,1.6190066606502613
QL-X-138,BTK,"Other, kinases",SACS_mut,0.5172650187871646
QL-X-138,BTK,"Other, kinases",TP53_mut,0.5916587471921898
XMD15-27,CAMK2,"Other, kinases",ASXL1_mut,0.7090365217516177
XMD15-27,CAMK2,"Other, kinases",CREBBP_mut,0.48216472142864786
XMD15-27,CAMK2,"Other, kinases",KRAS_mut,1.4713456940428475
XMD15-27,CAMK2,"Other, kinases",NRAS_mut,1.0737172193154982
XMD15-27,CAMK2,"Other, kinases",SACS_mut,0.05021446695007718
XMD15-27,CAMK2,"Other, kinases",TP53_mut,0.4812235086276994
T0901317,"LXR, FXR",Other,ASXL1_mut,0.058550547185176646
T0901317,"LXR, FXR",Other,KRAS_mut,0.14816961741256982
T0901317,"LXR, FXR",Other,NRAS_mut,1.1048462257223906
T0901317,"LXR, FXR",Other,TP53_mut,0.8763990411014134
Selisistat,SIRT1,Chromatin histone acetylation,ASXL1_mut,0.1367930393725268
Selisistat,SIRT1,Chromatin histone acetylation,CREBBP_mut,0.08808076851626213
Selisistat,SIRT1,Chromatin histone acetylation,KRAS_mut,0.3064333038592525
Selisistat,SIRT1,Chromatin histone acetylation,NRAS_mut,0.9070019729494672
Selisistat,SIRT1,Chromatin histone acetylation,SACS_mut,0.4797116489247625
Selisistat,SIRT1,Chromatin histone acetylation,TP53_mut,0.010550235256474085
Tenovin-6,SIRT,Chromatin histone acetylation,ASXL1_mut,1.1513949464515643
Tenovin-6,SIRT,Chromatin histone acetylation,CREBBP_mut,0.17600313483109786
Tenovin-6,SIRT,Chromatin histone acetylation,KRAS_mut,0.6351484634885922
Tenovin-6,SIRT,Chromatin histone acetylation,NRAS_mut,0.7322751654831171
Tenovin-6,SIRT,Chromatin histone acetylation,SACS_mut,0.10977235309060566
Tenovin-6,SIRT,Chromatin histone acetylation,TP53_mut,1.2147367057523435
THZ-2-49,CDK9,Cell cycle,ASXL1_mut,0.31285630158554345
THZ-2-49,CDK9,Cell cycle,CREBBP_mut,1.1314052258146716
THZ-2-49,CDK9,Cell cycle,KRAS_mut,0.49565528880619714
THZ-2-49,CDK9,Cell cycle,NRAS_mut,0.9918956191476853
THZ-2-49,CDK9,Cell cycle,SACS_mut,0.5016144292767457
THZ-2-49,CDK9,Cell cycle,TP53_mut,0.6850608655115097
KIN001-270,CDK9,Other,ASXL1_mut,0.12342816030726743
KIN001-270,CDK9,Other,CREBBP_mut,0.051565974011382174
KIN001-270,CDK9,Other,KRAS_mut,0.9349450877536809
KIN001-270,CDK9,Other,NRAS_mut,1.1989651860298995
KIN001-270,CDK9,Other,SACS_mut,0.8110239245478228
KIN001-270,CDK9,Other,TP53_mut,0.44416555255373785
THZ-2-102-1,CDK7,Cell cycle,ASXL1_mut,0.5204004848704351
THZ-2-102-1,CDK7,Cell cycle,CREBBP_mut,1.032044753022828
THZ-2-102-1,CDK7,Cell cycle,KRAS_mut,0.6975725757623854
THZ-2-102-1,CDK7,Cell cycle,NRAS_mut,1.1290675866235909
THZ-2-102-1,CDK7,Cell cycle,SACS_mut,1.3524876026166226
THZ-2-102-1,CDK7,Cell cycle,TP53_mut,0.8161452543392209
AT7867,AKT,PI3K/MTOR signaling,ASXL1_mut,0.1252349669260824
AT7867,AKT,PI3K/MTOR signaling,CREBBP_mut,0.42024758651889454
AT7867,AKT,PI3K/MTOR signaling,KRAS_mut,0.6504002395491193
AT7867,AKT,PI3K/MTOR signaling,NRAS_mut,1.317156079898377
AT7867,AKT,PI3K/MTOR signaling,SACS_mut,0.7811492728576038
AT7867,AKT,PI3K/MTOR signaling,TP53_mut,1.1600435674397496
CI-1033,"EGFR, ERBB2, ERBB4",RTK signaling,ASXL1_mut,0.05035804519820058
CI-1033,"EGFR, ERBB2, ERBB4",RTK signaling,CREBBP_mut,0.20361434215693003
CI-1033,"EGFR, ERBB2, ERBB4",RTK signaling,KRAS_mut,0.12641800986594107
CI-1033,"EGFR, ERBB2, ERBB4",RTK signaling,NRAS_mut,1.9210173618289306
CI-1033,"EGFR, ERBB2, ERBB4",RTK signaling,SACS_mut,0.06574773694343786
CI-1033,"EGFR, ERBB2, ERBB4",RTK signaling,TP53_mut,0.8484553879280285
PF-00299804,"EGFR, ERBB2, ERBB4",RTK signaling,ASXL1_mut,0.19106308872358427
PF-00299804,"EGFR, ERBB2, ERBB4",RTK signaling,CREBBP_mut,0.8160146783178768
PF-00299804,"EGFR, ERBB2, ERBB4",RTK signaling,KRAS_mut,0.22577745471051894
PF-00299804,"EGFR, ERBB2, ERBB4",RTK signaling,NRAS_mut,1.3456731648719424
PF-00299804,"EGFR, ERBB2, ERBB4",RTK signaling,SACS_mut,0.16978672415486873
PF-00299804,"EGFR, ERBB2, ERBB4",RTK signaling,TP53_mut,0.8688516544505376
TWS119,GSK3,WNT signaling,ASXL1_mut,0.6031194655001736
TWS119,GSK3,WNT signaling,CREBBP_mut,0.23247035418461226
TWS119,GSK3,WNT signaling,KRAS_mut,0.2751820801240675
TWS119,GSK3,WNT signaling,NRAS_mut,1.5255564799319896
TWS119,GSK3,WNT signaling,SACS_mut,0.2966831659512089
TWS119,GSK3,WNT signaling,TP53_mut,0.8092345411222192
Torin 2,mTOR,PI3K/MTOR signaling,ASXL1_mut,0.16797902420535152
Torin 2,mTOR,PI3K/MTOR signaling,CREBBP_mut,0.4153687879686682
Torin 2,mTOR,PI3K/MTOR signaling,KRAS_mut,0.418568161222504
Torin 2,mTOR,PI3K/MTOR signaling,NRAS_mut,0.928986238643138
Torin 2,mTOR,PI3K/MTOR signaling,SACS_mut,0.9541658836882831
Torin 2,mTOR,PI3K/MTOR signaling,TP53_mut,0.6222411469406268
Pilaralisib,PI3K,PI3K/MTOR signaling,ASXL1_mut,0.7485314277358586
Pilaralisib,PI3K,PI3K/MTOR signaling,CREBBP_mut,1.253330960416583
Pilaralisib,PI3K,PI3K/MTOR signaling,KRAS_mut,0.1632374538579345
Pilaralisib,PI3K,PI3K/MTOR signaling,NRAS_mut,0.03843336731083734
Pilaralisib,PI3K,PI3K/MTOR signaling,SACS_mut,0.6443471276788694
Pilaralisib,PI3K,PI3K/MTOR signaling,TP53_mut,0.2684285330336422
GSK1059615,PI3K,PI3K/MTOR signaling,ASXL1_mut,0.696391492636518
GSK1059615,PI3K,PI3K/MTOR signaling,CREBBP_mut,0.8888804314414013
GSK1059615,PI3K,PI3K/MTOR signaling,KRAS_mut,0.8134417781377912
GSK1059615,PI3K,PI3K/MTOR signaling,NRAS_mut,0.8628760306591015
GSK1059615,PI3K,PI3K/MTOR signaling,SACS_mut,1.0939178343734863
GSK1059615,PI3K,PI3K/MTOR signaling,TP53_mut,0.35017185965637965
Voxtalisib,"PI3K (class 1), DNAPK, MTOR",PI3K/MTOR signaling,ASXL1_mut,0.16603535643142409
Voxtalisib,"PI3K (class 1), DNAPK, MTOR",PI3K/MTOR signaling,CREBBP_mut,0.13203920038507888
Voxtalisib,"PI3K (class 1), DNAPK, MTOR",PI3K/MTOR signaling,KRAS_mut,0.6555885687074963
Voxtalisib,"PI3K (class 1), DNAPK, MTOR",PI3K/MTOR signaling,NRAS_mut,0.44486041417861055
Voxtalisib,"PI3K (class 1), DNAPK, MTOR",PI3K/MTOR signaling,SACS_mut,0.345859773920125
Voxtalisib,"PI3K (class 1), DNAPK, MTOR",PI3K/MTOR signaling,TP53_mut,0.10284226296153744
"Brivanib, BMS-540215","VEGFR, PDGFR",RTK signaling,ASXL1_mut,0.0707478922612989
"Brivanib, BMS-540215","VEGFR, PDGFR",RTK signaling,CREBBP_mut,0.5116589548772735
"Brivanib, BMS-540215","VEGFR, PDGFR",RTK signaling,KRAS_mut,0.3619824161623228
"Brivanib, BMS-540215","VEGFR, PDGFR",RTK signaling,NRAS_mut,1.4387302296241895
"Brivanib, BMS-540215","VEGFR, PDGFR",RTK signaling,SACS_mut,0.6099710628052709
"Brivanib, BMS-540215","VEGFR, PDGFR",RTK signaling,TP53_mut,0.45525264805898613
BIBF-1120,"VEGFR, PDGFR, FGFR",RTK signaling,ASXL1_mut,0.4224658322159982
BIBF-1120,"VEGFR, PDGFR, FGFR",RTK signaling,CREBBP_mut,0.7845047695357091
BIBF-1120,"VEGFR, PDGFR, FGFR",RTK signaling,KRAS_mut,0.6186117363656166
BIBF-1120,"VEGFR, PDGFR, FGFR",RTK signaling,NRAS_mut,1.704949513362717
BIBF-1120,"VEGFR, PDGFR, FGFR",RTK signaling,SACS_mut,0.38887351322437363
BIBF-1120,"VEGFR, PDGFR, FGFR",RTK signaling,TP53_mut,0.6513315089419263
AST-1306,"EGFR, ERBB4",RTK signaling,ASXL1_mut,0.5309714509922162
AST-1306,"EGFR, ERBB4",RTK signaling,CREBBP_mut,0.2284695199012855
AST-1306,"EGFR, ERBB4",RTK signaling,KRAS_mut,0.21356362306926094
AST-1306,"EGFR, ERBB4",RTK signaling,NRAS_mut,0.7200217301306141
AST-1306,"EGFR, ERBB4",RTK signaling,SACS_mut,0.4152148381039493
AST-1306,"EGFR, ERBB4",RTK signaling,TP53_mut,0.8201000668019192
Apitolisib,"mTOR, PI3K",PI3K/MTOR signaling,ASXL1_mut,0.35112983863928354
Apitolisib,"mTOR, PI3K",PI3K/MTOR signaling,CREBBP_mut,0.46389345153662714
Apitolisib,"mTOR, PI3K",PI3K/MTOR signaling,KRAS_mut,0.7112710127297045
Apitolisib,"mTOR, PI3K",PI3K/MTOR signaling,NRAS_mut,1.0574838982016619
Apitolisib,"mTOR, PI3K",PI3K/MTOR signaling,SACS_mut,0.9104361307198442
Apitolisib,"mTOR, PI3K",PI3K/MTOR signaling,TP53_mut,0.6472109021347119
LIMK1 inhibitor BMS4,LIMK1,Cytoskeleton,ASXL1_mut,0.5021638209062737
LIMK1 inhibitor BMS4,LIMK1,Cytoskeleton,CREBBP_mut,0.2872432695152055
LIMK1 inhibitor BMS4,LIMK1,Cytoskeleton,KRAS_mut,0.9437699478202096
LIMK1 inhibitor BMS4,LIMK1,Cytoskeleton,NRAS_mut,0.9248307144432816
LIMK1 inhibitor BMS4,LIMK1,Cytoskeleton,SACS_mut,0.2799685485356154
LIMK1 inhibitor BMS4,LIMK1,Cytoskeleton,TP53_mut,0.7693554180504463
kb NB 142-70,PKD,"Other, kinases",ASXL1_mut,0.1849893040778363
kb NB 142-70,PKD,"Other, kinases",CREBBP_mut,0.7542101206318398
kb NB 142-70,PKD,"Other, kinases",KRAS_mut,0.21866966394039694
kb NB 142-70,PKD,"Other, kinases",NRAS_mut,1.6381428397080169
kb NB 142-70,PKD,"Other, kinases",SACS_mut,0.6567851037069373
kb NB 142-70,PKD,"Other, kinases",TP53_mut,0.8459234018516423
Sphingosine Kinase 1 Inhibitor II,Sphingosine Kinase,"Other, kinases",ASXL1_mut,1.0382302700067674
Sphingosine Kinase 1 Inhibitor II,Sphingosine Kinase,"Other, kinases",CREBBP_mut,1.0300463915753775
Sphingosine Kinase 1 Inhibitor II,Sphingosine Kinase,"Other, kinases",KRAS_mut,0.9348716873886188
Sphingosine Kinase 1 Inhibitor II,Sphingosine Kinase,"Other, kinases",NRAS_mut,0.3997907442430747
Sphingosine Kinase 1 Inhibitor II,Sphingosine Kinase,"Other, kinases",SACS_mut,1.2350306611161144
Sphingosine Kinase 1 Inhibitor II,Sphingosine Kinase,"Other, kinases",TP53_mut,0.41783029840389524
"eEF2K Inhibitor, A-484954",eEF2K,"Other, kinases",ASXL1_mut,0.8446122179424124
"eEF2K Inhibitor, A-484954",eEF2K,"Other, kinases",CREBBP_mut,0.8006328143740374
"eEF2K Inhibitor, A-484954",eEF2K,"Other, kinases",KRAS_mut,0.9533132570476593
"eEF2K Inhibitor, A-484954",eEF2K,"Other, kinases",NRAS_mut,0.5905634665034368
"eEF2K Inhibitor, A-484954",eEF2K,"Other, kinases",SACS_mut,1.2940884835173319
"eEF2K Inhibitor, A-484954",eEF2K,"Other, kinases",TP53_mut,0.11081315075762038
"MetAP2 Inhibitor, A832234",MetAP2,Other,ASXL1_mut,1.1280341009294934
"MetAP2 Inhibitor, A832234",MetAP2,Other,CREBBP_mut,0.5325408023272211
"MetAP2 Inhibitor, A832234",MetAP2,Other,KRAS_mut,1.1974871039620112
"MetAP2 Inhibitor, A832234",MetAP2,Other,NRAS_mut,0.034022910272135096
"MetAP2 Inhibitor, A832234",MetAP2,Other,SACS_mut,0.5833709898117568
"MetAP2 Inhibitor, A832234",MetAP2,Other,TP53_mut,0.381601003351601
Venotoclax,BCL-2 selective,Apoptosis regulation,ASXL1_mut,0.33772128689213554
Venotoclax,BCL-2 selective,Apoptosis regulation,CREBBP_mut,0.2661546618538864
Venotoclax,BCL-2 selective,Apoptosis regulation,KRAS_mut,0.19467547806265417
Venotoclax,BCL-2 selective,Apoptosis regulation,NRAS_mut,0.18631390859022953
Venotoclax,BCL-2 selective,Apoptosis regulation,SACS_mut,0.597246758668771
Venotoclax,BCL-2 selective,Apoptosis regulation,TP53_mut,0.6066526409389201
CPI-613,"Metabo, Mitochondria",Other,ASXL1_mut,0.8828766818375671
CPI-613,"Metabo, Mitochondria",Other,CREBBP_mut,0.5631903912109337
CPI-613,"Metabo, Mitochondria",Other,KRAS_mut,0.45580496460457914
CPI-613,"Metabo, Mitochondria",Other,NRAS_mut,0.1826208591252271
CPI-613,"Metabo, Mitochondria",Other,SACS_mut,0.5692848209665619
CPI-613,"Metabo, Mitochondria",Other,TP53_mut,0.6089379632194768
CAY10566,Stearoyl-CoA desaturase,Other,ASXL1_mut,0.4387227227834762
CAY10566,Stearoyl-CoA desaturase,Other,CREBBP_mut,0.9527961713713566
CAY10566,Stearoyl-CoA desaturase,Other,KRAS_mut,0.46796213439025636
CAY10566,Stearoyl-CoA desaturase,Other,NRAS_mut,0.3575406520705069
CAY10566,Stearoyl-CoA desaturase,Other,SACS_mut,1.0179909120245092
CAY10566,Stearoyl-CoA desaturase,Other,TP53_mut,0.2844551586402748
Ara-G,Anti-metabolite,Other,ASXL1_mut,0.06433842080382128
Ara-G,Anti-metabolite,Other,CREBBP_mut,0.7947754155489232
Ara-G,Anti-metabolite,Other,KRAS_mut,0.35803682261995534
Ara-G,Anti-metabolite,Other,NRAS_mut,0.2176519441419582
Ara-G,Anti-metabolite,Other,SACS_mut,0.3543031583490224
Ara-G,Anti-metabolite,Other,TP53_mut,0.45945808173775043
Pemetrexed,TYMS,DNA replication,ASXL1_mut,0.0664753859360617
Pemetrexed,TYMS,DNA replication,CREBBP_mut,0.24389042033592948
Pemetrexed,TYMS,DNA replication,KRAS_mut,0.5791521161192874
Pemetrexed,TYMS,DNA replication,NRAS_mut,0.6938072378668414
Pemetrexed,TYMS,DNA replication,SACS_mut,0.5333169348071857
Pemetrexed,TYMS,DNA replication,TP53_mut,0.4750963669645854
Alisertib,AURKA,Mitosis,ASXL1_mut,0.3513503124717119
Alisertib,AURKA,Mitosis,CREBBP_mut,0.3890085520287463
Alisertib,AURKA,Mitosis,KRAS_mut,0.16698535555616723
Alisertib,AURKA,Mitosis,NRAS_mut,1.2206194879588355
Alisertib,AURKA,Mitosis,SACS_mut,0.8817615025421187
Alisertib,AURKA,Mitosis,TP53_mut,1.0593298499268586
Flavopiridol,CDK,Cell cycle,ASXL1_mut,0.5563763345410752
Flavopiridol,CDK,Cell cycle,CREBBP_mut,2.329752914516716
Flavopiridol,CDK,Cell cycle,KRAS_mut,0.7812861589853539
Flavopiridol,CDK,Cell cycle,NRAS_mut,0.8147475370124336
Flavopiridol,CDK,Cell cycle,SACS_mut,2.330665564976455
Flavopiridol,CDK,Cell cycle,TP53_mut,0.5813849155230417
C-75,FAS,Apoptosis regulation,ASXL1_mut,0.9591024460183813
C-75,FAS,Apoptosis regulation,CREBBP_mut,0.8316621447913165
C-75,FAS,Apoptosis regulation,KRAS_mut,1.0032102514590582
C-75,FAS,Apoptosis regulation,NRAS_mut,0.19221798750355196
C-75,FAS,Apoptosis regulation,SACS_mut,0.07334907296598053
C-75,FAS,Apoptosis regulation,TP53_mut,0.6373717669910918
"CAP-232, TT-232, TLN-232",Glycolysis,Metabolism,ASXL1_mut,0.700867513737504
"CAP-232, TT-232, TLN-232",Glycolysis,Metabolism,CREBBP_mut,0.197327032273236
"CAP-232, TT-232, TLN-232",Glycolysis,Metabolism,KRAS_mut,0.6181813924233226
"CAP-232, TT-232, TLN-232",Glycolysis,Metabolism,NRAS_mut,0.37363389302120514
"CAP-232, TT-232, TLN-232",Glycolysis,Metabolism,SACS_mut,0.48204770583341555
"CAP-232, TT-232, TLN-232",Glycolysis,Metabolism,TP53_mut,0.6502866046240807
Trichostatin A,HDAC,Chromatin histone acetylation,ASXL1_mut,0.7192950242407119
Trichostatin A,HDAC,Chromatin histone acetylation,CREBBP_mut,0.7212106097126568
Trichostatin A,HDAC,Chromatin histone acetylation,KRAS_mut,0.9643020902095771
Trichostatin A,HDAC,Chromatin histone acetylation,NRAS_mut,0.03117986091905816
Trichostatin A,HDAC,Chromatin histone acetylation,SACS_mut,0.7792895865917453
Trichostatin A,HDAC,Chromatin histone acetylation,TP53_mut,0.432361623619959
Panobinostat,HDAC,Chromatin histone acetylation,ASXL1_mut,0.7738701833792183
Panobinostat,HDAC,Chromatin histone acetylation,CREBBP_mut,1.3500657989431115
Panobinostat,HDAC,Chromatin histone acetylation,KRAS_mut,1.2114284988321535
Panobinostat,HDAC,Chromatin histone acetylation,NRAS_mut,0.19342672670866315
Panobinostat,HDAC,Chromatin histone acetylation,SACS_mut,0.9354662174782505
Panobinostat,HDAC,Chromatin histone acetylation,TP53_mut,0.4643883180581257
LCL161,"XIAP, cIAP1, cIAP2",Apoptosis regulation,ASXL1_mut,0.26727519185061266
LCL161,"XIAP, cIAP1, cIAP2",Apoptosis regulation,CREBBP_mut,0.09335058886123038
LCL161,"XIAP, cIAP1, cIAP2",Apoptosis regulation,KRAS_mut,0.08449841058994126
LCL161,"XIAP, cIAP1, cIAP2",Apoptosis regulation,NRAS_mut,0.4355352107251186
LCL161,"XIAP, cIAP1, cIAP2",Apoptosis regulation,SACS_mut,0.16401727399785776
LCL161,"XIAP, cIAP1, cIAP2",Apoptosis regulation,TP53_mut,0.4052925612435834
IMD-0354,IKKb,"Other, kinases",ASXL1_mut,0.2910494357862328
IMD-0354,IKKb,"Other, kinases",CREBBP_mut,0.9239521772600923
IMD-0354,IKKb,"Other, kinases",KRAS_mut,0.39533677133388545
IMD-0354,IKKb,"Other, kinases",NRAS_mut,0.7166401920711433
IMD-0354,IKKb,"Other, kinases",SACS_mut,0.8888469094458454
IMD-0354,IKKb,"Other, kinases",TP53_mut,0.9722503709184284
MIM1,MCL-1,Apoptosis regulation,ASXL1_mut,0.6396379125445443
MIM1,MCL-1,Apoptosis regulation,CREBBP_mut,0.7672666315499835
MIM1,MCL-1,Apoptosis regulation,KRAS_mut,0.19258854384486448
MIM1,MCL-1,Apoptosis regulation,NRAS_mut,0.3432633809293516
MIM1,MCL-1,Apoptosis regulation,SACS_mut,0.7133470828976242
MIM1,MCL-1,Apoptosis regulation,TP53_mut,1.0517674593483357
ETP-45835,"MNK1, MNK2","Other, kinases",ASXL1_mut,0.6018361300422914
ETP-45835,"MNK1, MNK2","Other, kinases",CREBBP_mut,0.19899560678145728
ETP-45835,"MNK1, MNK2","Other, kinases",KRAS_mut,0.3659119000533259
ETP-45835,"MNK1, MNK2","Other, kinases",NRAS_mut,0.7441727994657154
ETP-45835,"MNK1, MNK2","Other, kinases",SACS_mut,0.8559372379550207
ETP-45835,"MNK1, MNK2","Other, kinases",TP53_mut,0.15133762373837
CD532,AURKA,Mitosis,ASXL1_mut,0.10896252859375358
CD532,AURKA,Mitosis,CREBBP_mut,0.8308578803796371
CD532,AURKA,Mitosis,KRAS_mut,0.7246556859275758
CD532,AURKA,Mitosis,NRAS_mut,1.6758730253008156
CD532,AURKA,Mitosis,SACS_mut,0.6769814816850971
CD532,AURKA,Mitosis,TP53_mut,0.6327046815784958
NSC319726,P53 Mut specific,p53 pathway,ASXL1_mut,0.5418667158757436
NSC319726,P53 Mut specific,p53 pathway,CREBBP_mut,1.9854041825210322
NSC319726,P53 Mut specific,p53 pathway,KRAS_mut,0.1346644310481872
NSC319726,P53 Mut specific,p53 pathway,NRAS_mut,0.3047904984908609
NSC319726,P53 Mut specific,p53 pathway,SACS_mut,1.9344204815294384
NSC319726,P53 Mut specific,p53 pathway,TP53_mut,1.0032015517876423
SB505124,"TGFBR1, ACVR1B, ACVR1C",RTK signaling,ASXL1_mut,1.60637317653891
SB505124,"TGFBR1, ACVR1B, ACVR1C",RTK signaling,CREBBP_mut,0.43115464652044383
SB505124,"TGFBR1, ACVR1B, ACVR1C",RTK signaling,KRAS_mut,1.0124034107919924
SB505124,"TGFBR1, ACVR1B, ACVR1C",RTK signaling,NRAS_mut,0.013705688978449294
SB505124,"TGFBR1, ACVR1B, ACVR1C",RTK signaling,SACS_mut,0.3268817144478575
SB505124,"TGFBR1, ACVR1B, ACVR1C",RTK signaling,TP53_mut,0.09596891388151622
A-83-01,TGFB,Other,ASXL1_mut,0.7307293212596011
A-83-01,TGFB,Other,CREBBP_mut,0.6680299286289487
A-83-01,TGFB,Other,KRAS_mut,0.7195221049397799
A-83-01,TGFB,Other,NRAS_mut,0.4833257403816917
A-83-01,TGFB,Other,SACS_mut,0.515759997245041
A-83-01,TGFB,Other,TP53_mut,0.35060634647940864
LDN-193189,BMP,Other,ASXL1_mut,1.2019730482169497
LDN-193189,BMP,Other,CREBBP_mut,0.8242543978810649
LDN-193189,BMP,Other,KRAS_mut,1.3187025564754387
LDN-193189,BMP,Other,NRAS_mut,0.11883577504540543
LDN-193189,BMP,Other,SACS_mut,0.6399512569002055
LDN-193189,BMP,Other,TP53_mut,0.40185083905010527
FTY-720,S1P,Other,ASXL1_mut,0.8655121471094658
FTY-720,S1P,Other,CREBBP_mut,0.5547933508898886
FTY-720,S1P,Other,KRAS_mut,0.051087573526605784
FTY-720,S1P,Other,NRAS_mut,0.2534276161122071
FTY-720,S1P,Other,SACS_mut,0.42159120987439297
FTY-720,S1P,Other,TP53_mut,0.34522739567426414
BAM7,Bax activator,Other,ASXL1_mut,0.34619631434673565
BAM7,Bax activator,Other,CREBBP_mut,0.0808501558518268
BAM7,Bax activator,Other,KRAS_mut,0.8226986775061469
BAM7,Bax activator,Other,NRAS_mut,0.6831923635791131
BAM7,Bax activator,Other,SACS_mut,0.21080843463047585
BAM7,Bax activator,Other,TP53_mut,0.7067364472319234
AGI-6780,IDH2(R140Q),Metabolism,ASXL1_mut,0.42244265978619716
AGI-6780,IDH2(R140Q),Metabolism,CREBBP_mut,0.5836341061497975
AGI-6780,IDH2(R140Q),Metabolism,KRAS_mut,0.7518947035880299
AGI-6780,IDH2(R140Q),Metabolism,NRAS_mut,0.08272629723923947
AGI-6780,IDH2(R140Q),Metabolism,SACS_mut,0.6361963118258969
AGI-6780,IDH2(R140Q),Metabolism,TP53_mut,0.49219163934092436
Kobe2602,RAS effector,RTK signaling,ASXL1_mut,1.204496971574275
Kobe2602,RAS effector,RTK signaling,CREBBP_mut,0.6440451629639138
Kobe2602,RAS effector,RTK signaling,KRAS_mut,0.30581103799289566
Kobe2602,RAS effector,RTK signaling,NRAS_mut,0.06045746174221074
Kobe2602,RAS effector,RTK signaling,SACS_mut,0.2265128877391373
Kobe2602,RAS effector,RTK signaling,TP53_mut,0.416800662868601
LGK974,PORCN,WNT signaling,ASXL1_mut,0.4918317967774761
LGK974,PORCN,WNT signaling,CREBBP_mut,0.4316172409133816
LGK974,PORCN,WNT signaling,KRAS_mut,0.05425291254003681
LGK974,PORCN,WNT signaling,NRAS_mut,0.04327752534902926
LGK974,PORCN,WNT signaling,SACS_mut,0.09319956461930716
LGK974,PORCN,WNT signaling,TP53_mut,0.4841050040635656
Wnt-C59,PORCN,WNT signaling,ASXL1_mut,0.26933490218364936
Wnt-C59,PORCN,WNT signaling,CREBBP_mut,0.20194493583270723
Wnt-C59,PORCN,WNT signaling,KRAS_mut,0.1538145149558924
Wnt-C59,PORCN,WNT signaling,NRAS_mut,0.1672799645321203
Wnt-C59,PORCN,WNT signaling,SACS_mut,0.22862664989201245
Wnt-C59,PORCN,WNT signaling,TP53_mut,0.43077054283337857
RU-SKI 43,Shh,Other,ASXL1_mut,0.3342814213751183
RU-SKI 43,Shh,Other,CREBBP_mut,0.702250541170189
RU-SKI 43,Shh,Other,KRAS_mut,0.3416016160656893
RU-SKI 43,Shh,Other,NRAS_mut,0.9675238409967014
RU-SKI 43,Shh,Other,SACS_mut,0.5431470560278827
RU-SKI 43,Shh,Other,TP53_mut,0.8118019262224082
AICA Ribonucleotide,AMPK agonist,Metabolism,ASXL1_mut,0.587719949183021
AICA Ribonucleotide,AMPK agonist,Metabolism,CREBBP_mut,1.657242422208002
AICA Ribonucleotide,AMPK agonist,Metabolism,KRAS_mut,0.9406275754051531
AICA Ribonucleotide,AMPK agonist,Metabolism,NRAS_mut,0.03559169867924898
AICA Ribonucleotide,AMPK agonist,Metabolism,SACS_mut,0.6937850259473861
AICA Ribonucleotide,AMPK agonist,Metabolism,TP53_mut,0.3124184900771599
Vinblastine,Microtubule destabiliser,Mitosis,ASXL1_mut,0.43867295132796097
Vinblastine,Microtubule destabiliser,Mitosis,CREBBP_mut,0.17960940757822308
Vinblastine,Microtubule destabiliser,Mitosis,KRAS_mut,0.4290750243676839
Vinblastine,Microtubule destabiliser,Mitosis,NRAS_mut,0.2209029444222148
Vinblastine,Microtubule destabiliser,Mitosis,SACS_mut,0.2390156427242912
Vinblastine,Microtubule destabiliser,Mitosis,TP53_mut,0.03571506518098
Cisplatin,DNA crosslinker,DNA replication,ASXL1_mut,0.8657860444900326
Cisplatin,DNA crosslinker,DNA replication,CREBBP_mut,0.13440116499822405
Cisplatin,DNA crosslinker,DNA replication,KRAS_mut,0.8382748142423511
Cisplatin,DNA crosslinker,DNA replication,NRAS_mut,0.6775065670063886
Cisplatin,DNA crosslinker,DNA replication,SACS_mut,0.11990237581605079
Cisplatin,DNA crosslinker,DNA replication,TP53_mut,0.7368438807924362
Cytarabine,Antimetabolite,Other,ASXL1_mut,0.493661842489141
Cytarabine,Antimetabolite,Other,CREBBP_mut,0.2176465117757316
Cytarabine,Antimetabolite,Other,KRAS_mut,0.328831772034831
Cytarabine,Antimetabolite,Other,NRAS_mut,1.0653525635913834
Cytarabine,Antimetabolite,Other,SACS_mut,0.21711745838224691
Cytarabine,Antimetabolite,Other,TP53_mut,0.6679862147446974
Docetaxel,Microtubule stabiliser,Mitosis,ASXL1_mut,0.5236700695198113
Docetaxel,Microtubule stabiliser,Mitosis,CREBBP_mut,0.35926418276591393
Docetaxel,Microtubule stabiliser,Mitosis,KRAS_mut,0.5661827339295731
Docetaxel,Microtubule stabiliser,Mitosis,NRAS_mut,0.43045901450444396
Docetaxel,Microtubule stabiliser,Mitosis,SACS_mut,0.40633893003189236
Docetaxel,Microtubule stabiliser,Mitosis,TP53_mut,0.2684132950566726
Methotrexate,Antimetabolite,DNA replication,ASXL1_mut,0.0434239858785887
Methotrexate,Antimetabolite,DNA replication,CREBBP_mut,0.10755660797431853
Methotrexate,Antimetabolite,DNA replication,KRAS_mut,0.06492654252926319
Methotrexate,Antimetabolite,DNA replication,NRAS_mut,0.4388743797527755
Methotrexate,Antimetabolite,DNA replication,SACS_mut,0.18754277434668545
Methotrexate,Antimetabolite,DNA replication,TP53_mut,0.5073353379960115
Gefitinib,EGFR,EGFR signaling,ASXL1_mut,0.04943935121583432
Gefitinib,EGFR,EGFR signaling,CREBBP_mut,0.3123148259183413
Gefitinib,EGFR,EGFR signaling,KRAS_mut,0.2816875511390325
Gefitinib,EGFR,EGFR signaling,NRAS_mut,0.14665917556226898
Gefitinib,EGFR,EGFR signaling,SACS_mut,0.4024983199900775
Gefitinib,EGFR,EGFR signaling,TP53_mut,0.09010639608485192
Navitoclax,"BCL2, BCL-XL, BCL-W",Apoptosis regulation,ASXL1_mut,0.8485740566807854
Navitoclax,"BCL2, BCL-XL, BCL-W",Apoptosis regulation,CREBBP_mut,0.3315725366152523
Navitoclax,"BCL2, BCL-XL, BCL-W",Apoptosis regulation,NRAS_mut,0.218045364794171
Navitoclax,"BCL2, BCL-XL, BCL-W",Apoptosis regulation,SACS_mut,0.9970003761673338
Navitoclax,"BCL2, BCL-XL, BCL-W",Apoptosis regulation,TP53_mut,0.24733516462001212
Vorinostat,"HDAC inhibitor Class I, IIa, IIb, IV",Chromatin histone acetylation,ASXL1_mut,0.24691536448751567
Vorinostat,"HDAC inhibitor Class I, IIa, IIb, IV",Chromatin histone acetylation,CREBBP_mut,0.35191224983775443
Vorinostat,"HDAC inhibitor Class I, IIa, IIb, IV",Chromatin histone acetylation,KRAS_mut,0.8517164806666025
Vorinostat,"HDAC inhibitor Class I, IIa, IIb, IV",Chromatin histone acetylation,NRAS_mut,0.09286388921388011
Vorinostat,"HDAC inhibitor Class I, IIa, IIb, IV",Chromatin histone acetylation,SACS_mut,0.14469171502556744
Vorinostat,"HDAC inhibitor Class I, IIa, IIb, IV",Chromatin histone acetylation,TP53_mut,0.33491131726997125
Nilotinib,ABL,ABL signaling,ASXL1_mut,0.5222374516501348
Nilotinib,ABL,ABL signaling,CREBBP_mut,0.5050055883251638
Nilotinib,ABL,ABL signaling,KRAS_mut,0.48909893602770865
Nilotinib,ABL,ABL signaling,NRAS_mut,0.2433172016328838
Nilotinib,ABL,ABL signaling,SACS_mut,0.11301941787296728
Nilotinib,ABL,ABL signaling,TP53_mut,0.025620259675126333
Refametinib,"MEK1, MEK2",ERK MAPK signaling,ASXL1_mut,0.4527201616583785
Refametinib,"MEK1, MEK2",ERK MAPK signaling,CREBBP_mut,0.18795161531650478
Refametinib,"MEK1, MEK2",ERK MAPK signaling,KRAS_mut,0.9750452411405806
Refametinib,"MEK1, MEK2",ERK MAPK signaling,NRAS_mut,0.9618046671220121
Refametinib,"MEK1, MEK2",ERK MAPK signaling,SACS_mut,0.4983478541683681
Refametinib,"MEK1, MEK2",ERK MAPK signaling,TP53_mut,0.3707035437616263
CI-1040,"MEK1, MEK2",ERK MAPK signaling,ASXL1_mut,0.39987130314937297
CI-1040,"MEK1, MEK2",ERK MAPK signaling,CREBBP_mut,0.3202856935708369
CI-1040,"MEK1, MEK2",ERK MAPK signaling,KRAS_mut,1.0913239251606504
CI-1040,"MEK1, MEK2",ERK MAPK signaling,NRAS_mut,0.49392005060791205
CI-1040,"MEK1, MEK2",ERK MAPK signaling,SACS_mut,0.7822013128710479
CI-1040,"MEK1, MEK2",ERK MAPK signaling,TP53_mut,0.46520746606736785
Temsirolimus,MTOR,PI3K/MTOR signaling,ASXL1_mut,0.3530943144568344
Temsirolimus,MTOR,PI3K/MTOR signaling,CREBBP_mut,0.8796864033455871
Temsirolimus,MTOR,PI3K/MTOR signaling,KRAS_mut,0.2801363048065528
Temsirolimus,MTOR,PI3K/MTOR signaling,NRAS_mut,0.9021117054051786
Temsirolimus,MTOR,PI3K/MTOR signaling,SACS_mut,0.5031549401496512
Temsirolimus,MTOR,PI3K/MTOR signaling,TP53_mut,0.05590763772792644
Olaparib,"PARP1, PARP2",Genome integrity,ASXL1_mut,0.3754196708616114
Olaparib,"PARP1, PARP2",Genome integrity,CREBBP_mut,0.4407864151703413
Olaparib,"PARP1, PARP2",Genome integrity,KRAS_mut,0.19520781220280775
Olaparib,"PARP1, PARP2",Genome integrity,NRAS_mut,0.49546536961629434
Olaparib,"PARP1, PARP2",Genome integrity,SACS_mut,0.1912815007972799
Olaparib,"PARP1, PARP2",Genome integrity,TP53_mut,0.5222177010352782
Veliparib,"PARP1, PARP2",Genome integrity,ASXL1_mut,0.6161779787399592
Veliparib,"PARP1, PARP2",Genome integrity,CREBBP_mut,0.2875154697802082
Veliparib,"PARP1, PARP2",Genome integrity,KRAS_mut,0.6208076009474754
Veliparib,"PARP1, PARP2",Genome integrity,NRAS_mut,0.24843797421875385
Veliparib,"PARP1, PARP2",Genome integrity,SACS_mut,0.47551163960566334
Veliparib,"PARP1, PARP2",Genome integrity,TP53_mut,0.19041379161069252
Bosutinib,"SRC, ABL, TEC","Other, kinases",ASXL1_mut,0.22321295049653267
Bosutinib,"SRC, ABL, TEC","Other, kinases",CREBBP_mut,1.0645520503763333
Bosutinib,"SRC, ABL, TEC","Other, kinases",KRAS_mut,0.32964673771165665
Bosutinib,"SRC, ABL, TEC","Other, kinases",NRAS_mut,0.5916125562735948
Bosutinib,"SRC, ABL, TEC","Other, kinases",SACS_mut,0.46624386060493506
Bosutinib,"SRC, ABL, TEC","Other, kinases",TP53_mut,0.10928700466130385
Lenalidomide,CRBN,Protein stability and degradation,ASXL1_mut,0.42180340485775825
Lenalidomide,CRBN,Protein stability and degradation,CREBBP_mut,0.14008179710530075
Lenalidomide,CRBN,Protein stability and degradation,KRAS_mut,0.574132441214739
Lenalidomide,CRBN,Protein stability and degradation,NRAS_mut,0.27062416983040105
Lenalidomide,CRBN,Protein stability and degradation,SACS_mut,0.2890137903924332
Lenalidomide,CRBN,Protein stability and degradation,TP53_mut,0.024367217901428612
Axitinib,"PDGFR, KIT, VEGFR",RTK signaling,ASXL1_mut,0.5689187491840821
Axitinib,"PDGFR, KIT, VEGFR",RTK signaling,CREBBP_mut,0.12507758070475464
Axitinib,"PDGFR, KIT, VEGFR",RTK signaling,KRAS_mut,0.20999783337231168
Axitinib,"PDGFR, KIT, VEGFR",RTK signaling,NRAS_mut,0.5498918949190703
Axitinib,"PDGFR, KIT, VEGFR",RTK signaling,SACS_mut,0.12198285201587561
Axitinib,"PDGFR, KIT, VEGFR",RTK signaling,TP53_mut,0.0645630072212716
AZD7762,"CHEK1, CHEK2",Cell cycle,ASXL1_mut,1.0899695528000546
AZD7762,"CHEK1, CHEK2",Cell cycle,CREBBP_mut,0.19542984732600158
AZD7762,"CHEK1, CHEK2",Cell cycle,KRAS_mut,0.12254306635185878
AZD7762,"CHEK1, CHEK2",Cell cycle,NRAS_mut,1.0207848753635134
AZD7762,"CHEK1, CHEK2",Cell cycle,SACS_mut,0.09081651124540571
AZD7762,"CHEK1, CHEK2",Cell cycle,TP53_mut,0.15413210475550868
GW441756,NTRK1,RTK signaling,ASXL1_mut,0.5825245399117062
GW441756,NTRK1,RTK signaling,CREBBP_mut,0.40862489831428306
GW441756,NTRK1,RTK signaling,KRAS_mut,0.9331507856072314
GW441756,NTRK1,RTK signaling,NRAS_mut,0.5996245977612381
GW441756,NTRK1,RTK signaling,SACS_mut,0.32590461764183637
GW441756,NTRK1,RTK signaling,TP53_mut,0.5735155743295222
Lestaurtinib,"FLT3, JAK2, NTRK1, NTRK2, NTRK3","Other, kinases",ASXL1_mut,0.7123506921018757
Lestaurtinib,"FLT3, JAK2, NTRK1, NTRK2, NTRK3","Other, kinases",CREBBP_mut,0.3724540601089541
Lestaurtinib,"FLT3, JAK2, NTRK1, NTRK2, NTRK3","Other, kinases",KRAS_mut,0.1745421937398887
Lestaurtinib,"FLT3, JAK2, NTRK1, NTRK2, NTRK3","Other, kinases",NRAS_mut,1.1709884333479705
Lestaurtinib,"FLT3, JAK2, NTRK1, NTRK2, NTRK3","Other, kinases",SACS_mut,0.35536119431829105
Lestaurtinib,"FLT3, JAK2, NTRK1, NTRK2, NTRK3","Other, kinases",TP53_mut,0.04959603965970813
SB216763,"GSK3A, GSK3B",WNT signaling,ASXL1_mut,0.3994280167700732
SB216763,"GSK3A, GSK3B",WNT signaling,CREBBP_mut,0.363876333343683
SB216763,"GSK3A, GSK3B",WNT signaling,KRAS_mut,0.881150598780664
SB216763,"GSK3A, GSK3B",WNT signaling,NRAS_mut,0.9213398562383023
SB216763,"GSK3A, GSK3B",WNT signaling,SACS_mut,0.6562238247361895
SB216763,"GSK3A, GSK3B",WNT signaling,TP53_mut,0.14942097471660365
Tanespimycin,HSP90,Protein stability and degradation,ASXL1_mut,0.17655706151215875
Tanespimycin,HSP90,Protein stability and degradation,CREBBP_mut,0.4811463144572338
Tanespimycin,HSP90,Protein stability and degradation,KRAS_mut,0.31456133834920147
Tanespimycin,HSP90,Protein stability and degradation,NRAS_mut,0.5271643221351175
Tanespimycin,HSP90,Protein stability and degradation,SACS_mut,0.7009045327336403
Tanespimycin,HSP90,Protein stability and degradation,TP53_mut,0.473969329500262
VX-702,p38,JNK and p38 signaling,ASXL1_mut,0.23522471494316963
VX-702,p38,JNK and p38 signaling,CREBBP_mut,0.14384061665607434
VX-702,p38,JNK and p38 signaling,KRAS_mut,0.11112711607688616
VX-702,p38,JNK and p38 signaling,NRAS_mut,0.19271556801581968
VX-702,p38,JNK and p38 signaling,SACS_mut,0.26707699370579185
VX-702,p38,JNK and p38 signaling,TP53_mut,0.019056636258746644
Motesanib,"VEGFR, RET, KIT, PDGFR",RTK signaling,ASXL1_mut,1.3371906156726399
Motesanib,"VEGFR, RET, KIT, PDGFR",RTK signaling,CREBBP_mut,0.07387760946115561
Motesanib,"VEGFR, RET, KIT, PDGFR",RTK signaling,KRAS_mut,1.2046393678563216
Motesanib,"VEGFR, RET, KIT, PDGFR",RTK signaling,NRAS_mut,0.5422674318445636
Motesanib,"VEGFR, RET, KIT, PDGFR",RTK signaling,SACS_mut,0.4708020423063109
Motesanib,"VEGFR, RET, KIT, PDGFR",RTK signaling,TP53_mut,1.0868360882334547
KU-55933,ATM,Genome integrity,ASXL1_mut,0.40692260596269814
KU-55933,ATM,Genome integrity,CREBBP_mut,0.93111905242997
KU-55933,ATM,Genome integrity,KRAS_mut,0.27387059460235486
KU-55933,ATM,Genome integrity,NRAS_mut,0.30206047519377444
KU-55933,ATM,Genome integrity,SACS_mut,0.386244895981757
KU-55933,ATM,Genome integrity,TP53_mut,0.9007640476272917
Elesclomol,HSP90,Protein stability and degradation,ASXL1_mut,0.21808689324703523
Elesclomol,HSP90,Protein stability and degradation,CREBBP_mut,0.6688358427072578
Elesclomol,HSP90,Protein stability and degradation,KRAS_mut,0.10284352273988726
Elesclomol,HSP90,Protein stability and degradation,NRAS_mut,0.5634449176051168
Elesclomol,HSP90,Protein stability and degradation,SACS_mut,0.4552189455393305
Elesclomol,HSP90,Protein stability and degradation,TP53_mut,0.14069149936245895
Afatinib,"EGFR, ERBB2",EGFR signaling,ASXL1_mut,0.7551734824888543
Afatinib,"EGFR, ERBB2",EGFR signaling,CREBBP_mut,0.6696756346035542
Afatinib,"EGFR, ERBB2",EGFR signaling,KRAS_mut,0.145956446108977
Afatinib,"EGFR, ERBB2",EGFR signaling,NRAS_mut,0.5695911165615377
Afatinib,"EGFR, ERBB2",EGFR signaling,SACS_mut,0.5020886836435675
Afatinib,"EGFR, ERBB2",EGFR signaling,TP53_mut,0.6272394470949322
Vismodegib,SMO,Other,ASXL1_mut,0.22902036394756436
Vismodegib,SMO,Other,CREBBP_mut,0.13086059652066634
Vismodegib,SMO,Other,KRAS_mut,0.31147351220071395
Vismodegib,SMO,Other,NRAS_mut,0.8275073653874923
Vismodegib,SMO,Other,SACS_mut,0.5324799555426646
Vismodegib,SMO,Other,TP53_mut,0.056570499203152026
PLX-4720,BRAF,ERK MAPK signaling,ASXL1_mut,0.08406098582110406
PLX-4720,BRAF,ERK MAPK signaling,CREBBP_mut,0.10687015461250482
PLX-4720,BRAF,ERK MAPK signaling,KRAS_mut,0.32670672473631646
PLX-4720,BRAF,ERK MAPK signaling,NRAS_mut,0.7313207618145505
PLX-4720,BRAF,ERK MAPK signaling,SACS_mut,0.07579093415409514
PLX-4720,BRAF,ERK MAPK signaling,TP53_mut,0.49484411064761963
BX795,"TBK1, PDK1 (PDPK1), IKK, AURKB, AURKC","Other, kinases",ASXL1_mut,0.6461692985670673
BX795,"TBK1, PDK1 (PDPK1), IKK, AURKB, AURKC","Other, kinases",CREBBP_mut,0.23058421893166284
BX795,"TBK1, PDK1 (PDPK1), IKK, AURKB, AURKC","Other, kinases",KRAS_mut,0.24921536508514985
BX795,"TBK1, PDK1 (PDPK1), IKK, AURKB, AURKC","Other, kinases",NRAS_mut,1.039213695578094
BX795,"TBK1, PDK1 (PDPK1), IKK, AURKB, AURKC","Other, kinases",SACS_mut,0.184098877579379
BX795,"TBK1, PDK1 (PDPK1), IKK, AURKB, AURKC","Other, kinases",TP53_mut,0.053134831726793334
NU7441,DNAPK,Genome integrity,ASXL1_mut,0.4889987115563437
NU7441,DNAPK,Genome integrity,CREBBP_mut,0.9002037118323659
NU7441,DNAPK,Genome integrity,KRAS_mut,0.3512554121809917
NU7441,DNAPK,Genome integrity,NRAS_mut,0.3857710505824137
NU7441,DNAPK,Genome integrity,SACS_mut,0.31000504023889375
NU7441,DNAPK,Genome integrity,TP53_mut,0.7233519565643889
SL0101,"RSK, AURKB, PIM1, PIM3","Other, kinases",ASXL1_mut,1.0004923962592276
SL0101,"RSK, AURKB, PIM1, PIM3","Other, kinases",CREBBP_mut,0.37201339688331475
SL0101,"RSK, AURKB, PIM1, PIM3","Other, kinases",KRAS_mut,0.7797535076180236
SL0101,"RSK, AURKB, PIM1, PIM3","Other, kinases",NRAS_mut,0.06908406236102999
SL0101,"RSK, AURKB, PIM1, PIM3","Other, kinases",SACS_mut,0.2311972447023454
SL0101,"RSK, AURKB, PIM1, PIM3","Other, kinases",TP53_mut,0.6598243630807373
Doramapimod,"p38, JNK2",JNK and p38 signaling,ASXL1_mut,0.6112711110086512
Doramapimod,"p38, JNK2",JNK and p38 signaling,CREBBP_mut,0.09865371754541796
Doramapimod,"p38, JNK2",JNK and p38 signaling,KRAS_mut,0.7489611136706411
Doramapimod,"p38, JNK2",JNK and p38 signaling,NRAS_mut,0.35325285789802197
Doramapimod,"p38, JNK2",JNK and p38 signaling,SACS_mut,0.37262974013671735
Doramapimod,"p38, JNK2",JNK and p38 signaling,TP53_mut,0.08197573352989852
JNK Inhibitor VIII,JNK,JNK and p38 signaling,ASXL1_mut,1.2540428304867133
JNK Inhibitor VIII,JNK,JNK and p38 signaling,CREBBP_mut,0.7946777004703154
JNK Inhibitor VIII,JNK,JNK and p38 signaling,KRAS_mut,1.0613964296236384
JNK Inhibitor VIII,JNK,JNK and p38 signaling,NRAS_mut,0.12413300361506448
JNK Inhibitor VIII,JNK,JNK and p38 signaling,SACS_mut,0.7373050854836627
JNK Inhibitor VIII,JNK,JNK and p38 signaling,TP53_mut,0.1399061802906349
Wee1 Inhibitor,"WEE1, CHEK1",Cell cycle,ASXL1_mut,0.07793113471848641
Wee1 Inhibitor,"WEE1, CHEK1",Cell cycle,CREBBP_mut,0.2497996933012057
Wee1 Inhibitor,"WEE1, CHEK1",Cell cycle,KRAS_mut,0.15343270184307853
Wee1 Inhibitor,"WEE1, CHEK1",Cell cycle,NRAS_mut,0.5989227172256345
Wee1 Inhibitor,"WEE1, CHEK1",Cell cycle,SACS_mut,0.08424456698298885
Wee1 Inhibitor,"WEE1, CHEK1",Cell cycle,TP53_mut,0.12195786663165258
Nutlin-3a (-),MDM2,p53 pathway,ASXL1_mut,0.288357437023584
Nutlin-3a (-),MDM2,p53 pathway,CREBBP_mut,0.16660734836087998
Nutlin-3a (-),MDM2,p53 pathway,KRAS_mut,0.1771387454499817
Nutlin-3a (-),MDM2,p53 pathway,NRAS_mut,0.7116550888526486
Nutlin-3a (-),MDM2,p53 pathway,SACS_mut,0.2078905917668824
Nutlin-3a (-),MDM2,p53 pathway,TP53_mut,2.468910334610381
Mirin,MRE11,Genome integrity,ASXL1_mut,0.013817604332500127
Mirin,MRE11,Genome integrity,CREBBP_mut,0.7077733354929592
Mirin,MRE11,Genome integrity,KRAS_mut,0.40771304337438574
Mirin,MRE11,Genome integrity,NRAS_mut,1.1110653276324143
Mirin,MRE11,Genome integrity,SACS_mut,0.6195823202103743
Mirin,MRE11,Genome integrity,TP53_mut,0.5878771087908952
PD173074,"FGFR1, FGFR2, FGFR3",RTK signaling,ASXL1_mut,0.032118448681531964
PD173074,"FGFR1, FGFR2, FGFR3",RTK signaling,CREBBP_mut,0.24158465652065503
PD173074,"FGFR1, FGFR2, FGFR3",RTK signaling,KRAS_mut,0.39137501547048886
PD173074,"FGFR1, FGFR2, FGFR3",RTK signaling,NRAS_mut,0.36030084753749336
PD173074,"FGFR1, FGFR2, FGFR3",RTK signaling,SACS_mut,0.05592327436964224
PD173074,"FGFR1, FGFR2, FGFR3",RTK signaling,TP53_mut,0.5080617775951762
ZM447439,"AURKA, AURKB",Mitosis,ASXL1_mut,0.8362050455776184
ZM447439,"AURKA, AURKB",Mitosis,CREBBP_mut,0.25312365969636186
ZM447439,"AURKA, AURKB",Mitosis,KRAS_mut,0.7314139486601754
ZM447439,"AURKA, AURKB",Mitosis,NRAS_mut,0.4097576338645663
ZM447439,"AURKA, AURKB",Mitosis,SACS_mut,0.44629478117702776
ZM447439,"AURKA, AURKB",Mitosis,TP53_mut,0.22931020660898008
RO-3306,CDK1,Cell cycle,ASXL1_mut,0.9160076972802074
RO-3306,CDK1,Cell cycle,CREBBP_mut,0.137131310679525
RO-3306,CDK1,Cell cycle,KRAS_mut,0.8033792662034791
RO-3306,CDK1,Cell cycle,NRAS_mut,0.4737266515129814
RO-3306,CDK1,Cell cycle,SACS_mut,0.3626692033978771
RO-3306,CDK1,Cell cycle,TP53_mut,0.008275415360240752
MK-2206,"AKT1, AKT2",PI3K/MTOR signaling,ASXL1_mut,0.7047210668024051
MK-2206,"AKT1, AKT2",PI3K/MTOR signaling,CREBBP_mut,0.45667387358023964
MK-2206,"AKT1, AKT2",PI3K/MTOR signaling,KRAS_mut,0.288645968643003
MK-2206,"AKT1, AKT2",PI3K/MTOR signaling,NRAS_mut,0.04581994196701031
MK-2206,"AKT1, AKT2",PI3K/MTOR signaling,SACS_mut,0.2229948037978946
MK-2206,"AKT1, AKT2",PI3K/MTOR signaling,TP53_mut,0.13628247272043972
Palbociclib,"CDK4, CDK6",Cell cycle,ASXL1_mut,0.03350797193944934
Palbociclib,"CDK4, CDK6",Cell cycle,CREBBP_mut,1.027979915710011
Palbociclib,"CDK4, CDK6",Cell cycle,KRAS_mut,0.21111506328406562
Palbociclib,"CDK4, CDK6",Cell cycle,NRAS_mut,0.24649495517219538
Palbociclib,"CDK4, CDK6",Cell cycle,SACS_mut,0.8184470204137668
Palbociclib,"CDK4, CDK6",Cell cycle,TP53_mut,0.3846100825378476
Dactolisib,"PI3K (class 1), MTORC1, MTORC2",PI3K/MTOR signaling,ASXL1_mut,0.456185306739555
Dactolisib,"PI3K (class 1), MTORC1, MTORC2",PI3K/MTOR signaling,CREBBP_mut,0.4907435853281261
Dactolisib,"PI3K (class 1), MTORC1, MTORC2",PI3K/MTOR signaling,KRAS_mut,0.8948234596466069
Dactolisib,"PI3K (class 1), MTORC1, MTORC2",PI3K/MTOR signaling,NRAS_mut,0.5009340757383887
Dactolisib,"PI3K (class 1), MTORC1, MTORC2",PI3K/MTOR signaling,SACS_mut,0.07186827479204184
Dactolisib,"PI3K (class 1), MTORC1, MTORC2",PI3K/MTOR signaling,TP53_mut,0.10104762744922727
Pictilisib,PI3K (class 1),PI3K/MTOR signaling,ASXL1_mut,0.7802010334879605
Pictilisib,PI3K (class 1),PI3K/MTOR signaling,CREBBP_mut,0.5755571018637125
Pictilisib,PI3K (class 1),PI3K/MTOR signaling,KRAS_mut,0.9167404710114174
Pictilisib,PI3K (class 1),PI3K/MTOR signaling,NRAS_mut,0.06462026795632034
Pictilisib,PI3K (class 1),PI3K/MTOR signaling,SACS_mut,0.7072532450101963
Pictilisib,PI3K (class 1),PI3K/MTOR signaling,TP53_mut,0.13231178667146995
AZD8055,"MTORC1, MTORC2",PI3K/MTOR signaling,ASXL1_mut,0.6091842016836967
AZD8055,"MTORC1, MTORC2",PI3K/MTOR signaling,CREBBP_mut,0.8330037133950715
AZD8055,"MTORC1, MTORC2",PI3K/MTOR signaling,KRAS_mut,0.352644004887259
AZD8055,"MTORC1, MTORC2",PI3K/MTOR signaling,NRAS_mut,0.5962320867672778
AZD8055,"MTORC1, MTORC2",PI3K/MTOR signaling,SACS_mut,0.17624036307548896
AZD8055,"MTORC1, MTORC2",PI3K/MTOR signaling,TP53_mut,0.17096278789400268
PD0325901,"MEK1, MEK2",ERK MAPK signaling,ASXL1_mut,0.29117207711342447
PD0325901,"MEK1, MEK2",ERK MAPK signaling,CREBBP_mut,0.16032121599577384
PD0325901,"MEK1, MEK2",ERK MAPK signaling,KRAS_mut,0.9219939238861703
PD0325901,"MEK1, MEK2",ERK MAPK signaling,NRAS_mut,1.086317855644267
PD0325901,"MEK1, MEK2",ERK MAPK signaling,SACS_mut,0.5151214322527672
PD0325901,"MEK1, MEK2",ERK MAPK signaling,TP53_mut,0.3994945552567513
SB590885,BRAF,ERK MAPK signaling,ASXL1_mut,0.609669509295323
SB590885,BRAF,ERK MAPK signaling,CREBBP_mut,0.337595667242598
SB590885,BRAF,ERK MAPK signaling,KRAS_mut,0.15141826020522223
SB590885,BRAF,ERK MAPK signaling,NRAS_mut,0.3409630133314825
SB590885,BRAF,ERK MAPK signaling,SACS_mut,0.23583808732231407
SB590885,BRAF,ERK MAPK signaling,TP53_mut,0.3077632959044749
Selumetinib,"MEK1, MEK2",ERK MAPK signaling,ASXL1_mut,0.08656320541505724
Selumetinib,"MEK1, MEK2",ERK MAPK signaling,NRAS_mut,0.9206679171087938
Selumetinib,"MEK1, MEK2",ERK MAPK signaling,SACS_mut,0.40612116955693983
Selumetinib,"MEK1, MEK2",ERK MAPK signaling,TP53_mut,0.1457796682507202
AZD6482,PIK3CB,PI3K/MTOR signaling,ASXL1_mut,0.9947079763907979
AZD6482,PIK3CB,PI3K/MTOR signaling,CREBBP_mut,0.8719121244138425
AZD6482,PIK3CB,PI3K/MTOR signaling,NRAS_mut,0.09876461984861509
AZD6482,PIK3CB,PI3K/MTOR signaling,SACS_mut,0.5815207319594703
AZD6482,PIK3CB,PI3K/MTOR signaling,TP53_mut,0.49372590912746694
CCT007093,PPM1D,Cell cycle,ASXL1_mut,0.4615642971782244
CCT007093,PPM1D,Cell cycle,CREBBP_mut,0.4857690410615236
CCT007093,PPM1D,Cell cycle,NRAS_mut,0.38776335464939515
CCT007093,PPM1D,Cell cycle,SACS_mut,0.4399586814156723
CCT007093,PPM1D,Cell cycle,TP53_mut,0.7364121771664413
EHT-1864,"RAC1, RAC2, RAC3",Cytoskeleton,ASXL1_mut,0.18436414386612945
EHT-1864,"RAC1, RAC2, RAC3",Cytoskeleton,CREBBP_mut,0.4447367182501932
EHT-1864,"RAC1, RAC2, RAC3",Cytoskeleton,NRAS_mut,0.3273869235183255
EHT-1864,"RAC1, RAC2, RAC3",Cytoskeleton,SACS_mut,0.5975912580419521
EHT-1864,"RAC1, RAC2, RAC3",Cytoskeleton,TP53_mut,0.874599165513984
CRT0105950,"JNK1, JNK2, JNK3",JNK and p38 signaling,ASXL1_mut,1.122393120124384
CRT0105950,"JNK1, JNK2, JNK3",JNK and p38 signaling,CREBBP_mut,0.5836249004299754
CRT0105950,"JNK1, JNK2, JNK3",JNK and p38 signaling,NRAS_mut,0.29212549282316713
CRT0105950,"JNK1, JNK2, JNK3",JNK and p38 signaling,SACS_mut,0.35735207758493176
CRT0105950,"JNK1, JNK2, JNK3",JNK and p38 signaling,TP53_mut,0.07320192209950177
CRT0105446,"mTOR, LCK",PI3K/MTOR signaling,ASXL1_mut,1.0730467516534257
CRT0105446,"mTOR, LCK",PI3K/MTOR signaling,CREBBP_mut,0.41492157361681103
CRT0105446,"mTOR, LCK",PI3K/MTOR signaling,NRAS_mut,0.11490543117073543
CRT0105446,"mTOR, LCK",PI3K/MTOR signaling,SACS_mut,0.6921606764858775
CRT0105446,"mTOR, LCK",PI3K/MTOR signaling,TP53_mut,0.09187868461968816
Avagacestat,"Amyloid beta20, Amyloid beta40",Other,ASXL1_mut,0.13367354738167778
Avagacestat,"Amyloid beta20, Amyloid beta40",Other,CREBBP_mut,0.20661107233147888
Avagacestat,"Amyloid beta20, Amyloid beta40",Other,NRAS_mut,0.14832604630172339
Avagacestat,"Amyloid beta20, Amyloid beta40",Other,SACS_mut,0.5947720204409473
Avagacestat,"Amyloid beta20, Amyloid beta40",Other,TP53_mut,0.5746527941191353
BMS-536924,"IGF1R, IR",IGF1R signaling,ASXL1_mut,0.909879305334765
BMS-536924,"IGF1R, IR",IGF1R signaling,CREBBP_mut,0.1732543966340905
BMS-536924,"IGF1R, IR",IGF1R signaling,KRAS_mut,0.5093453719478322
BMS-536924,"IGF1R, IR",IGF1R signaling,NRAS_mut,0.8995864774842842
BMS-536924,"IGF1R, IR",IGF1R signaling,SACS_mut,0.23638705720777928
BMS-536924,"IGF1R, IR",IGF1R signaling,TP53_mut,0.04002904569718458
Cetuximab,EGFR,EGFR signaling,ASXL1_mut,1.2799812004020872
Cetuximab,EGFR,EGFR signaling,CREBBP_mut,0.5041918325421261
Cetuximab,EGFR,EGFR signaling,KRAS_mut,1.2499146723286028
Cetuximab,EGFR,EGFR signaling,NRAS_mut,0.3844057966312465
Cetuximab,EGFR,EGFR signaling,SACS_mut,0.8769297193612442
Cetuximab,EGFR,EGFR signaling,TP53_mut,0.4006611013701315
FS106,CHEK1,Cell cycle,ASXL1_mut,0.24076182283515077
FS106,CHEK1,Cell cycle,CREBBP_mut,0.2234658689667545
FS106,CHEK1,Cell cycle,KRAS_mut,0.5502095927791162
FS106,CHEK1,Cell cycle,NRAS_mut,0.6908472110187702
FS106,CHEK1,Cell cycle,SACS_mut,0.3880438407613447
FS106,CHEK1,Cell cycle,TP53_mut,0.2391294683120231
PF-4708671,S6K1,PI3K/MTOR signaling,ASXL1_mut,0.7641076477398866
PF-4708671,S6K1,PI3K/MTOR signaling,CREBBP_mut,0.7934036151403443
PF-4708671,S6K1,PI3K/MTOR signaling,KRAS_mut,0.8523560326964748
PF-4708671,S6K1,PI3K/MTOR signaling,NRAS_mut,0.200642618580492
PF-4708671,S6K1,PI3K/MTOR signaling,SACS_mut,0.8203740658735172
PF-4708671,S6K1,PI3K/MTOR signaling,TP53_mut,0.43602294825648125
Serdemetan,MDM2,p53 pathway,ASXL1_mut,0.11027710245981431
Serdemetan,MDM2,p53 pathway,CREBBP_mut,0.7402212019386295
Serdemetan,MDM2,p53 pathway,KRAS_mut,0.06859363659874985
Serdemetan,MDM2,p53 pathway,NRAS_mut,1.3642325190412234
Serdemetan,MDM2,p53 pathway,SACS_mut,0.09531702968480063
Serdemetan,MDM2,p53 pathway,TP53_mut,0.5947801162142425
AZD4547,"FGRF1, FGFR2, FGFR3",RTK signaling,ASXL1_mut,0.6474933429576817
AZD4547,"FGRF1, FGFR2, FGFR3",RTK signaling,CREBBP_mut,0.7117369608277195
AZD4547,"FGRF1, FGFR2, FGFR3",RTK signaling,KRAS_mut,0.2796182093451592
AZD4547,"FGRF1, FGFR2, FGFR3",RTK signaling,NRAS_mut,0.7685662635848547
AZD4547,"FGRF1, FGFR2, FGFR3",RTK signaling,SACS_mut,0.38522330695540286
AZD4547,"FGRF1, FGFR2, FGFR3",RTK signaling,TP53_mut,0.17869450010151194
Capivasertib,AKT,PI3K/MTOR signaling,ASXL1_mut,1.0213281114394417
Capivasertib,AKT,PI3K/MTOR signaling,CREBBP_mut,0.23553699661726046
Capivasertib,AKT,PI3K/MTOR signaling,KRAS_mut,0.7392704098562248
Capivasertib,AKT,PI3K/MTOR signaling,NRAS_mut,0.16442651656477147
Capivasertib,AKT,PI3K/MTOR signaling,SACS_mut,0.3312887869660483
Capivasertib,AKT,PI3K/MTOR signaling,TP53_mut,0.376772646715706
TW 37,"BCL2, BCL-XL, MCL1",Apoptosis regulation,ASXL1_mut,0.062093065572166796
TW 37,"BCL2, BCL-XL, MCL1",Apoptosis regulation,CREBBP_mut,0.6243294176104939
TW 37,"BCL2, BCL-XL, MCL1",Apoptosis regulation,KRAS_mut,0.20984081872804064
TW 37,"BCL2, BCL-XL, MCL1",Apoptosis regulation,NRAS_mut,1.2049459326498502
TW 37,"BCL2, BCL-XL, MCL1",Apoptosis regulation,SACS_mut,0.3740699697652952
TW 37,"BCL2, BCL-XL, MCL1",Apoptosis regulation,TP53_mut,0.5329330959184894
CCT-018159,HSP90,Protein stability and degradation,ASXL1_mut,0.5572579805136711
CCT-018159,HSP90,Protein stability and degradation,CREBBP_mut,1.6356086901060245
CCT-018159,HSP90,Protein stability and degradation,KRAS_mut,0.28740424355522254
CCT-018159,HSP90,Protein stability and degradation,NRAS_mut,1.447971123725239
CCT-018159,HSP90,Protein stability and degradation,SACS_mut,0.5037016791279175
CCT-018159,HSP90,Protein stability and degradation,TP53_mut,0.23878306855263434
Rucaparib,"PARP1, PARP2",Genome integrity,ASXL1_mut,0.6695423662502746
Rucaparib,"PARP1, PARP2",Genome integrity,CREBBP_mut,0.24815039832648697
Rucaparib,"PARP1, PARP2",Genome integrity,KRAS_mut,1.0142211796648404
Rucaparib,"PARP1, PARP2",Genome integrity,NRAS_mut,0.6524148605946537
Rucaparib,"PARP1, PARP2",Genome integrity,SACS_mut,0.7043024996394229
Rucaparib,"PARP1, PARP2",Genome integrity,TP53_mut,0.6494001994342707
CRT0160829,CDC7,DNA replication,ASXL1_mut,0.6748612492362763
CRT0160829,CDC7,DNA replication,CREBBP_mut,0.5432483075845954
CRT0160829,CDC7,DNA replication,KRAS_mut,0.28616992599467694
CRT0160829,CDC7,DNA replication,NRAS_mut,0.6993156680489669
CRT0160829,CDC7,DNA replication,SACS_mut,0.18529077251907172
CRT0160829,CDC7,DNA replication,TP53_mut,0.3282947402149384
AZ20,ATR,Genome integrity,ASXL1_mut,0.24087021151424526
AZ20,ATR,Genome integrity,CREBBP_mut,0.17583201236963622
AZ20,ATR,Genome integrity,KRAS_mut,0.5940414048269334
AZ20,ATR,Genome integrity,NRAS_mut,0.9235958997381215
AZ20,ATR,Genome integrity,SACS_mut,0.17598353185680043
AZ20,ATR,Genome integrity,TP53_mut,0.12003629672296871
KU-60019,ATM,Genome integrity,ASXL1_mut,0.3920284766513267
KU-60019,ATM,Genome integrity,CREBBP_mut,0.8969893604540943
KU-60019,ATM,Genome integrity,KRAS_mut,0.0665019549984118
KU-60019,ATM,Genome integrity,NRAS_mut,0.635254488253927
KU-60019,ATM,Genome integrity,SACS_mut,0.11544428631337604
KU-60019,ATM,Genome integrity,TP53_mut,0.30868134525669616
FS112,KS6B1 (p70S6K),PI3K/MTOR signaling,ASXL1_mut,0.5741159407726554
FS112,KS6B1 (p70S6K),PI3K/MTOR signaling,CREBBP_mut,0.26238784543631577
FS112,KS6B1 (p70S6K),PI3K/MTOR signaling,KRAS_mut,0.7865189444230378
FS112,KS6B1 (p70S6K),PI3K/MTOR signaling,NRAS_mut,0.18232314660424145
FS112,KS6B1 (p70S6K),PI3K/MTOR signaling,SACS_mut,0.5075357991969631
FS112,KS6B1 (p70S6K),PI3K/MTOR signaling,TP53_mut,0.10495439466810307
CCT245232,HSF1,Unclassified,ASXL1_mut,0.33814530665221204
CCT245232,HSF1,Unclassified,CREBBP_mut,0.6046054670626334
CCT245232,HSF1,Unclassified,KRAS_mut,0.2884553190082737
CCT245232,HSF1,Unclassified,NRAS_mut,0.4093130320987895
CCT245232,HSF1,Unclassified,SACS_mut,0.22863332210284473
CCT245232,HSF1,Unclassified,TP53_mut,0.5354931113636687
CCT245467,HSF1,Unclassified,ASXL1_mut,0.20139225301178204
CCT245467,HSF1,Unclassified,CREBBP_mut,0.7946482744748082
CCT245467,HSF1,Unclassified,KRAS_mut,0.3839625884641823
CCT245467,HSF1,Unclassified,NRAS_mut,0.08799531635433944
CCT245467,HSF1,Unclassified,SACS_mut,0.4600414595973244
CCT245467,HSF1,Unclassified,TP53_mut,0.2519626839571282
GSK269962A,"ROCK1, ROCK2",Cytoskeleton,ASXL1_mut,0.5633185648126806
GSK269962A,"ROCK1, ROCK2",Cytoskeleton,CREBBP_mut,1.065419526179058
GSK269962A,"ROCK1, ROCK2",Cytoskeleton,KRAS_mut,0.3038728473358916
GSK269962A,"ROCK1, ROCK2",Cytoskeleton,NRAS_mut,0.41307779899419855
GSK269962A,"ROCK1, ROCK2",Cytoskeleton,SACS_mut,0.6503624931492652
GSK269962A,"ROCK1, ROCK2",Cytoskeleton,TP53_mut,0.043113133672703245
SB505124,"TGFBR1, ACVR1B, ACVR1C",RTK signaling,ASXL1_mut,0.40318613351820504
SB505124,"TGFBR1, ACVR1B, ACVR1C",RTK signaling,CREBBP_mut,0.3738948557998523
SB505124,"TGFBR1, ACVR1B, ACVR1C",RTK signaling,KRAS_mut,0.03487740346245367
SB505124,"TGFBR1, ACVR1B, ACVR1C",RTK signaling,NRAS_mut,0.7906511873614909
SB505124,"TGFBR1, ACVR1B, ACVR1C",RTK signaling,SACS_mut,0.29902784803875015
SB505124,"TGFBR1, ACVR1B, ACVR1C",RTK signaling,TP53_mut,0.2134953806733846
FY026,,Unclassified,ASXL1_mut,0.5667915178784263
FY026,,Unclassified,CREBBP_mut,0.4314883773735616
FY026,,Unclassified,KRAS_mut,0.2905282850149585
FY026,,Unclassified,NRAS_mut,0.8416265955094009
FY026,,Unclassified,SACS_mut,0.19698378887783372
FY026,,Unclassified,TP53_mut,0.6192756753175467
FY069,,Unclassified,ASXL1_mut,0.19275569702572867
FY069,,Unclassified,CREBBP_mut,0.3781631550103266
FY069,,Unclassified,KRAS_mut,1.334738018644389
FY069,,Unclassified,NRAS_mut,0.277577231706237
FY069,,Unclassified,SACS_mut,0.37734023275196527
FY069,,Unclassified,TP53_mut,0.1464337549159403
ZL049,,Unclassified,ASXL1_mut,0.17451518763871338
ZL049,,Unclassified,CREBBP_mut,0.34418671513870486
ZL049,,Unclassified,KRAS_mut,0.18855223086280595
ZL049,,Unclassified,NRAS_mut,0.11593918038975767
ZL049,,Unclassified,SACS_mut,0.2360936010794108
ZL049,,Unclassified,TP53_mut,0.291324688534798
FY012,,Unclassified,ASXL1_mut,0.4487335889871541
FY012,,Unclassified,CREBBP_mut,0.40299531133982197
FY012,,Unclassified,KRAS_mut,0.02976769513778573
FY012,,Unclassified,NRAS_mut,1.0390179912223114
FY012,,Unclassified,SACS_mut,0.24890724753320564
FY012,,Unclassified,TP53_mut,0.7578386746578716
Tamoxifen,ESR1,Hormone-related,ASXL1_mut,1.0909178361151604
Tamoxifen,ESR1,Hormone-related,CREBBP_mut,0.8048913015825339
Tamoxifen,ESR1,Hormone-related,KRAS_mut,0.3337308119904895
Tamoxifen,ESR1,Hormone-related,NRAS_mut,1.1751174264294213
Tamoxifen,ESR1,Hormone-related,SACS_mut,0.19576217388761338
Tamoxifen,ESR1,Hormone-related,TP53_mut,0.1488675850699962
JQ1,"BRD2, BRD3, BRD4, BRDT",Chromatin other,ASXL1_mut,0.46205811751873127
JQ1,"BRD2, BRD3, BRD4, BRDT",Chromatin other,CREBBP_mut,0.4570782561076674
JQ1,"BRD2, BRD3, BRD4, BRDT",Chromatin other,KRAS_mut,1.0105413434533081
JQ1,"BRD2, BRD3, BRD4, BRDT",Chromatin other,NRAS_mut,0.4702778127578329
JQ1,"BRD2, BRD3, BRD4, BRDT",Chromatin other,SACS_mut,0.5167617502912748
JQ1,"BRD2, BRD3, BRD4, BRDT",Chromatin other,TP53_mut,0.012648599979671162
PFI-1,BRD4,Chromatin other,ASXL1_mut,0.3359396517911592
PFI-1,BRD4,Chromatin other,CREBBP_mut,0.4811141596695321
PFI-1,BRD4,Chromatin other,KRAS_mut,0.5848288542399748
PFI-1,BRD4,Chromatin other,NRAS_mut,0.3494066883304621
PFI-1,BRD4,Chromatin other,SACS_mut,0.27532127450428123
PFI-1,BRD4,Chromatin other,TP53_mut,0.39212290953312645
IOX2,EGLN1,Other,ASXL1_mut,1.434113861679879
IOX2,EGLN1,Other,CREBBP_mut,0.6715585813017266
IOX2,EGLN1,Other,KRAS_mut,1.7798079711648267
IOX2,EGLN1,Other,NRAS_mut,0.12776274235045368
IOX2,EGLN1,Other,SACS_mut,1.0823714552450279
IOX2,EGLN1,Other,TP53_mut,0.3479899187792494
I-BET-151,"BRD2, BRD3, BRD4",Chromatin other,ASXL1_mut,0.12258588686412494
I-BET-151,"BRD2, BRD3, BRD4",Chromatin other,CREBBP_mut,0.4764423784966359
I-BET-151,"BRD2, BRD3, BRD4",Chromatin other,KRAS_mut,0.9209969290053257
I-BET-151,"BRD2, BRD3, BRD4",Chromatin other,NRAS_mut,0.5249960175517244
I-BET-151,"BRD2, BRD3, BRD4",Chromatin other,SACS_mut,0.10039975699380094
I-BET-151,"BRD2, BRD3, BRD4",Chromatin other,TP53_mut,0.2345050659024691
UNC0638,G9a and GLP methyltransferases,Chromatin histone methylation,ASXL1_mut,0.4716291052770153
UNC0638,G9a and GLP methyltransferases,Chromatin histone methylation,CREBBP_mut,0.6916390425836428
UNC0638,G9a and GLP methyltransferases,Chromatin histone methylation,KRAS_mut,0.3715471094057506
UNC0638,G9a and GLP methyltransferases,Chromatin histone methylation,NRAS_mut,0.3205495242819578
UNC0638,G9a and GLP methyltransferases,Chromatin histone methylation,SACS_mut,0.8760404266434317
UNC0638,G9a and GLP methyltransferases,Chromatin histone methylation,TP53_mut,0.618485029072121
YK-4-279,RNA helicase A,Other,ASXL1_mut,0.4617174370895705
YK-4-279,RNA helicase A,Other,CREBBP_mut,0.12718510434090743
YK-4-279,RNA helicase A,Other,KRAS_mut,0.2971586899302179
YK-4-279,RNA helicase A,Other,NRAS_mut,1.003468905371747
YK-4-279,RNA helicase A,Other,SACS_mut,0.22784290631356188
YK-4-279,RNA helicase A,Other,TP53_mut,0.22787580473149394
CHIR-99021,"GSK3A, GSK3B",WNT signaling,ASXL1_mut,0.38556902057902936
CHIR-99021,"GSK3A, GSK3B",WNT signaling,CREBBP_mut,0.2698835628320489
CHIR-99021,"GSK3A, GSK3B",WNT signaling,KRAS_mut,0.8801688536279674
CHIR-99021,"GSK3A, GSK3B",WNT signaling,NRAS_mut,0.8683637664589996
CHIR-99021,"GSK3A, GSK3B",WNT signaling,SACS_mut,1.2503275721555307
CHIR-99021,"GSK3A, GSK3B",WNT signaling,TP53_mut,0.07434387462493419
(5Z)-7-Oxozeaenol,TAK1,"Other, kinases",ASXL1_mut,0.4951351309350632
(5Z)-7-Oxozeaenol,TAK1,"Other, kinases",CREBBP_mut,0.4267126892265371
(5Z)-7-Oxozeaenol,TAK1,"Other, kinases",KRAS_mut,0.18321442945916064
(5Z)-7-Oxozeaenol,TAK1,"Other, kinases",NRAS_mut,0.5486152141767469
(5Z)-7-Oxozeaenol,TAK1,"Other, kinases",SACS_mut,0.7673993059452242
(5Z)-7-Oxozeaenol,TAK1,"Other, kinases",TP53_mut,0.2982699104891646
Piperlongumine,Induces reactive oxygen species,Other,ASXL1_mut,0.036376606923326095
Piperlongumine,Induces reactive oxygen species,Other,CREBBP_mut,0.22660429510613447
Piperlongumine,Induces reactive oxygen species,Other,KRAS_mut,0.7521207624268716
Piperlongumine,Induces reactive oxygen species,Other,NRAS_mut,0.4710958999918806
Piperlongumine,Induces reactive oxygen species,Other,SACS_mut,0.5185904037947308
Piperlongumine,Induces reactive oxygen species,Other,TP53_mut,0.22051809624242402
N22899-6-C1,Peptidyl arginine deaminase (PAD),Unclassified,ASXL1_mut,0.8608157319065114
N22899-6-C1,Peptidyl arginine deaminase (PAD),Unclassified,CREBBP_mut,0.7059492958887593
N22899-6-C1,Peptidyl arginine deaminase (PAD),Unclassified,KRAS_mut,0.0729199332804527
N22899-6-C1,Peptidyl arginine deaminase (PAD),Unclassified,NRAS_mut,0.9342780987460505
N22899-6-C1,Peptidyl arginine deaminase (PAD),Unclassified,SACS_mut,0.05829047802337331
N22899-6-C1,Peptidyl arginine deaminase (PAD),Unclassified,TP53_mut,0.04885468717723212
N23918-95-7,JMJ histone demethylase,Chromatin histone methylation,ASXL1_mut,0.4126972484201689
N23918-95-7,JMJ histone demethylase,Chromatin histone methylation,CREBBP_mut,0.382656579470279
N23918-95-7,JMJ histone demethylase,Chromatin histone methylation,KRAS_mut,0.6100187460421457
N23918-95-7,JMJ histone demethylase,Chromatin histone methylation,NRAS_mut,0.057767394721427064
N23918-95-7,JMJ histone demethylase,Chromatin histone methylation,SACS_mut,0.9100952228658392
N23918-95-7,JMJ histone demethylase,Chromatin histone methylation,TP53_mut,0.518248128502969
N24798-49-A1,JMJ histone demethylase,Chromatin histone methylation,ASXL1_mut,1.2078164079175047
N24798-49-A1,JMJ histone demethylase,Chromatin histone methylation,CREBBP_mut,0.9875202304296525
N24798-49-A1,JMJ histone demethylase,Chromatin histone methylation,KRAS_mut,1.2229162948029342
N24798-49-A1,JMJ histone demethylase,Chromatin histone methylation,NRAS_mut,0.5095677519729912
N24798-49-A1,JMJ histone demethylase,Chromatin histone methylation,SACS_mut,1.176894638658727
N24798-49-A1,JMJ histone demethylase,Chromatin histone methylation,TP53_mut,0.04062354442196443
GSK-J4,KDM6B,Chromatin histone methylation,ASXL1_mut,0.5841085064556742
GSK-J4,KDM6B,Chromatin histone methylation,CREBBP_mut,0.3691875673983332
GSK-J4,KDM6B,Chromatin histone methylation,KRAS_mut,1.259025098987681
GSK-J4,KDM6B,Chromatin histone methylation,NRAS_mut,0.35653906129691476
GSK-J4,KDM6B,Chromatin histone methylation,SACS_mut,0.25937470870150053
GSK-J4,KDM6B,Chromatin histone methylation,TP53_mut,0.36524550246785703
Talazoparib,"PARP1, PARP2",Genome integrity,ASXL1_mut,0.6832107199004116
Talazoparib,"PARP1, PARP2",Genome integrity,CREBBP_mut,0.24992693389047532
Talazoparib,"PARP1, PARP2",Genome integrity,KRAS_mut,0.32468718807149843
Talazoparib,"PARP1, PARP2",Genome integrity,NRAS_mut,1.2968403987833839
Talazoparib,"PARP1, PARP2",Genome integrity,SACS_mut,0.14910577452795418
Talazoparib,"PARP1, PARP2",Genome integrity,TP53_mut,1.0183996658235788
rTRAIL,TRAIL receptor agonist,Apoptosis regulation,ASXL1_mut,0.577130179417143
rTRAIL,TRAIL receptor agonist,Apoptosis regulation,CREBBP_mut,0.8526918029216732
rTRAIL,TRAIL receptor agonist,Apoptosis regulation,KRAS_mut,1.9775364095969663
rTRAIL,TRAIL receptor agonist,Apoptosis regulation,NRAS_mut,0.46378998674773775
rTRAIL,TRAIL receptor agonist,Apoptosis regulation,SACS_mut,0.19683592420841672
rTRAIL,TRAIL receptor agonist,Apoptosis regulation,TP53_mut,0.1551632076818664
UNC1215,L3MBTL3,Chromatin other,ASXL1_mut,0.4601293821365066
UNC1215,L3MBTL3,Chromatin other,CREBBP_mut,0.5008655076000162
UNC1215,L3MBTL3,Chromatin other,KRAS_mut,1.4673529701115757
UNC1215,L3MBTL3,Chromatin other,NRAS_mut,0.5246666257772948
UNC1215,L3MBTL3,Chromatin other,SACS_mut,0.8666010116452446
UNC1215,L3MBTL3,Chromatin other,TP53_mut,0.016745283569587217
UNC0642,"G9A, GLP",Chromatin histone methylation,ASXL1_mut,0.014685876084073467
UNC0642,"G9A, GLP",Chromatin histone methylation,CREBBP_mut,0.1887031693999043
UNC0642,"G9A, GLP",Chromatin histone methylation,KRAS_mut,1.062435594055075
UNC0642,"G9A, GLP",Chromatin histone methylation,NRAS_mut,0.46992598165063465
UNC0642,"G9A, GLP",Chromatin histone methylation,SACS_mut,0.6193527819162891
UNC0642,"G9A, GLP",Chromatin histone methylation,TP53_mut,0.11316840744344249
SGC0946,DOT1L,Chromatin histone methylation,ASXL1_mut,0.7036043860170565
SGC0946,DOT1L,Chromatin histone methylation,CREBBP_mut,0.3737237668565051
SGC0946,DOT1L,Chromatin histone methylation,KRAS_mut,1.8308252698578062
SGC0946,DOT1L,Chromatin histone methylation,NRAS_mut,0.563026971863398
SGC0946,DOT1L,Chromatin histone methylation,SACS_mut,0.7379599827988416
SGC0946,DOT1L,Chromatin histone methylation,TP53_mut,0.4209591146693475
ICL1100013,N-myristoyltransferase 1/2,Other,ASXL1_mut,0.05668850046351398
ICL1100013,N-myristoyltransferase 1/2,Other,CREBBP_mut,1.2111346638689748
ICL1100013,N-myristoyltransferase 1/2,Other,KRAS_mut,0.8094851528111612
ICL1100013,N-myristoyltransferase 1/2,Other,NRAS_mut,0.8112053076089814
ICL1100013,N-myristoyltransferase 1/2,Other,SACS_mut,0.47482997600920984
ICL1100013,N-myristoyltransferase 1/2,Other,TP53_mut,0.1616450474855025
XAV939,"TNKS1, TNKS2",WNT signaling,ASXL1_mut,0.4984829553378233
XAV939,"TNKS1, TNKS2",WNT signaling,CREBBP_mut,0.15444842186866078
XAV939,"TNKS1, TNKS2",WNT signaling,KRAS_mut,1.0562504269114918
XAV939,"TNKS1, TNKS2",WNT signaling,NRAS_mut,0.7183961341458519
XAV939,"TNKS1, TNKS2",WNT signaling,SACS_mut,0.5330778303087786
XAV939,"TNKS1, TNKS2",WNT signaling,TP53_mut,0.061215198998786365
965-D2,"MKNK1, MKNK2, PIM1, PIM3","Other, kinases",ASXL1_mut,1.0055158276210898
965-D2,"MKNK1, MKNK2, PIM1, PIM3","Other, kinases",CREBBP_mut,1.2310700622152178
965-D2,"MKNK1, MKNK2, PIM1, PIM3","Other, kinases",KRAS_mut,0.020502041980500606
965-D2,"MKNK1, MKNK2, PIM1, PIM3","Other, kinases",NRAS_mut,1.4282369380592133
965-D2,"MKNK1, MKNK2, PIM1, PIM3","Other, kinases",SACS_mut,0.5192777166024372
965-D2,"MKNK1, MKNK2, PIM1, PIM3","Other, kinases",TP53_mut,0.15187143623945
993-D2,"MKNK1, MKNK2","Other, kinases",ASXL1_mut,0.9926278019329685
993-D2,"MKNK1, MKNK2","Other, kinases",CREBBP_mut,0.20493833255589697
993-D2,"MKNK1, MKNK2","Other, kinases",KRAS_mut,0.6670842564040355
993-D2,"MKNK1, MKNK2","Other, kinases",NRAS_mut,0.8291505567935112
993-D2,"MKNK1, MKNK2","Other, kinases",SACS_mut,0.10231579223583336
993-D2,"MKNK1, MKNK2","Other, kinases",TP53_mut,0.32288563488453753
BAY ACCi,ACACA,Metabolism,ASXL1_mut,0.22205660046810624
BAY ACCi,ACACA,Metabolism,CREBBP_mut,0.3877181016703403
BAY ACCi,ACACA,Metabolism,KRAS_mut,1.3117489040026808
BAY ACCi,ACACA,Metabolism,NRAS_mut,0.28105451062511533
BAY ACCi,ACACA,Metabolism,SACS_mut,0.9652431287520236
BAY ACCi,ACACA,Metabolism,TP53_mut,0.062117542849225806
BAY AKT1,"AKT1, AKT2, AKT3",Apoptosis regulation,ASXL1_mut,1.0290402233791083
BAY AKT1,"AKT1, AKT2, AKT3",Apoptosis regulation,CREBBP_mut,0.44372997095156996
BAY AKT1,"AKT1, AKT2, AKT3",Apoptosis regulation,KRAS_mut,0.046705139124720275
BAY AKT1,"AKT1, AKT2, AKT3",Apoptosis regulation,NRAS_mut,0.44477173112311874
BAY AKT1,"AKT1, AKT2, AKT3",Apoptosis regulation,SACS_mut,0.35573753870604174
BAY AKT1,"AKT1, AKT2, AKT3",Apoptosis regulation,TP53_mut,0.23166713888931936
BAY-HDAC11_1,HDAC11,Chromatin histone acetylation,ASXL1_mut,0.0725729551566349
BAY-HDAC11_1,HDAC11,Chromatin histone acetylation,CREBBP_mut,0.1673333340490559
BAY-HDAC11_1,HDAC11,Chromatin histone acetylation,KRAS_mut,0.11316526482040695
BAY-HDAC11_1,HDAC11,Chromatin histone acetylation,NRAS_mut,1.1654694710381786
BAY-HDAC11_1,HDAC11,Chromatin histone acetylation,SACS_mut,0.17335070973013905
BAY-HDAC11_1,HDAC11,Chromatin histone acetylation,TP53_mut,0.24388060127007183
BAY-HDAC11_2,HDAC11,Chromatin histone acetylation,ASXL1_mut,0.100148003416056
BAY-HDAC11_2,HDAC11,Chromatin histone acetylation,CREBBP_mut,0.2789447086031649
BAY-HDAC11_2,HDAC11,Chromatin histone acetylation,KRAS_mut,0.44468589941658065
BAY-HDAC11_2,HDAC11,Chromatin histone acetylation,NRAS_mut,1.4296997194463525
BAY-HDAC11_2,HDAC11,Chromatin histone acetylation,SACS_mut,0.24792755860683857
BAY-HDAC11_2,HDAC11,Chromatin histone acetylation,TP53_mut,0.42536191752079183
BAY-HDAC11_4,HDAC11,Chromatin histone acetylation,ASXL1_mut,0.456289005982717
BAY-HDAC11_4,HDAC11,Chromatin histone acetylation,CREBBP_mut,0.4679277401570922
BAY-HDAC11_4,HDAC11,Chromatin histone acetylation,KRAS_mut,0.1672367727208046
BAY-HDAC11_4,HDAC11,Chromatin histone acetylation,NRAS_mut,1.7107432939311638
BAY-HDAC11_4,HDAC11,Chromatin histone acetylation,SACS_mut,0.21510553480575276
BAY-HDAC11_4,HDAC11,Chromatin histone acetylation,TP53_mut,0.21414179033745628
BAY-MPS1,MPS1,Mitosis,ASXL1_mut,0.20014288036075198
BAY-MPS1,MPS1,Mitosis,CREBBP_mut,0.19733959566231468
BAY-MPS1,MPS1,Mitosis,KRAS_mut,0.554261325649114
BAY-MPS1,MPS1,Mitosis,NRAS_mut,0.7152343037054334
BAY-MPS1,MPS1,Mitosis,SACS_mut,0.23247482431393948
BAY-MPS1,MPS1,Mitosis,TP53_mut,0.08617190244765
BAY-MPS-combo-1 (paclitaxel 5 uM),TTK and microtubules,Mitosis,ASXL1_mut,0.28929242282630097
BAY-MPS-combo-1 (paclitaxel 5 uM),TTK and microtubules,Mitosis,CREBBP_mut,0.061615889500227124
BAY-MPS-combo-1 (paclitaxel 5 uM),TTK and microtubules,Mitosis,KRAS_mut,0.4464341029055698
BAY-MPS-combo-1 (paclitaxel 5 uM),TTK and microtubules,Mitosis,NRAS_mut,0.7179897485395186
BAY-MPS-combo-1 (paclitaxel 5 uM),TTK and microtubules,Mitosis,SACS_mut,0.1396662642609481
BAY-MPS-combo-1 (paclitaxel 5 uM),TTK and microtubules,Mitosis,TP53_mut,0.06230216058974457
BAY-MPS-combo 2 (paclitaxel 1 uM),TTK and microtubules,Unclassified,ASXL1_mut,0.41820709377644677
BAY-MPS-combo 2 (paclitaxel 1 uM),TTK and microtubules,Unclassified,CREBBP_mut,0.07720467953876263
BAY-MPS-combo 2 (paclitaxel 1 uM),TTK and microtubules,Unclassified,KRAS_mut,0.3217539615597952
BAY-MPS-combo 2 (paclitaxel 1 uM),TTK and microtubules,Unclassified,NRAS_mut,0.8901579773493442
BAY-MPS-combo 2 (paclitaxel 1 uM),TTK and microtubules,Unclassified,SACS_mut,0.14469016680734323
BAY-MPS-combo 2 (paclitaxel 1 uM),TTK and microtubules,Unclassified,TP53_mut,0.01110314402788632
PLX-4720,BRAF,ERK MAPK signaling,ASXL1_mut,0.22099778814300855
PLX-4720,BRAF,ERK MAPK signaling,CREBBP_mut,0.3941406280539731
PLX-4720,BRAF,ERK MAPK signaling,KRAS_mut,0.9169806857034062
PLX-4720,BRAF,ERK MAPK signaling,NRAS_mut,0.839501680374445
PLX-4720,BRAF,ERK MAPK signaling,SACS_mut,0.0745208196825661
PLX-4720,BRAF,ERK MAPK signaling,TP53_mut,0.4024764254824613
Dabrafenib,BRAF,ERK MAPK signaling,ASXL1_mut,0.5731364742991409
Dabrafenib,BRAF,ERK MAPK signaling,CREBBP_mut,1.3487305217880086
Dabrafenib,BRAF,ERK MAPK signaling,KRAS_mut,0.8911473074366744
Dabrafenib,BRAF,ERK MAPK signaling,NRAS_mut,0.9641405392130477
Dabrafenib,BRAF,ERK MAPK signaling,SACS_mut,0.85811078655564
Dabrafenib,BRAF,ERK MAPK signaling,TP53_mut,0.35785485924755583
Temozolomide,DNA alkylating agent,DNA replication,ASXL1_mut,0.8497183964509625
Temozolomide,DNA alkylating agent,DNA replication,CREBBP_mut,0.4228190936403098
Temozolomide,DNA alkylating agent,DNA replication,KRAS_mut,1.270492652751208
Temozolomide,DNA alkylating agent,DNA replication,NRAS_mut,0.5054900598701917
Temozolomide,DNA alkylating agent,DNA replication,SACS_mut,0.741956312093772
Temozolomide,DNA alkylating agent,DNA replication,TP53_mut,0.36766890273618363
Afatinib,"EGFR, ERBB2",EGFR signaling,ASXL1_mut,1.4858424422742704
Afatinib,"EGFR, ERBB2",EGFR signaling,CREBBP_mut,0.8664499642411494
Afatinib,"EGFR, ERBB2",EGFR signaling,KRAS_mut,0.4553468992563058
Afatinib,"EGFR, ERBB2",EGFR signaling,NRAS_mut,1.1189704309885777
Afatinib,"EGFR, ERBB2",EGFR signaling,SACS_mut,0.29731257583755344
Afatinib,"EGFR, ERBB2",EGFR signaling,TP53_mut,0.49708732011394985
Bleomycin (50 uM),dsDNA break induction,DNA replication,ASXL1_mut,0.514925381936737
Bleomycin (50 uM),dsDNA break induction,DNA replication,CREBBP_mut,0.12712492415090548
Bleomycin (50 uM),dsDNA break induction,DNA replication,KRAS_mut,0.04118796467231526
Bleomycin (50 uM),dsDNA break induction,DNA replication,NRAS_mut,1.2624079694051613
Bleomycin (50 uM),dsDNA break induction,DNA replication,SACS_mut,0.16456052898608248
Bleomycin (50 uM),dsDNA break induction,DNA replication,TP53_mut,1.4981279353855377
ZL109,DNA damage,Unclassified,ASXL1_mut,0.09260915260417973
ZL109,DNA damage,Unclassified,CREBBP_mut,0.6277314714095636
ZL109,DNA damage,Unclassified,KRAS_mut,0.441497301154614
ZL109,DNA damage,Unclassified,NRAS_mut,0.4295961008921772
ZL109,DNA damage,Unclassified,SACS_mut,1.1871537556661933
ZL109,DNA damage,Unclassified,TP53_mut,0.3582085396243661
AZD3514,AR,Hormone-related,ASXL1_mut,0.5440950248119591
AZD3514,AR,Hormone-related,CREBBP_mut,0.8519399382576297
AZD3514,AR,Hormone-related,KRAS_mut,0.608687437454472
AZD3514,AR,Hormone-related,NRAS_mut,1.0938912388953332
AZD3514,AR,Hormone-related,SACS_mut,0.26914550465694176
AZD3514,AR,Hormone-related,TP53_mut,0.2965400614130176
Doxorubicin,Anthracycline,DNA replication,ASXL1_mut,0.13646387668173124
Doxorubicin,Anthracycline,DNA replication,CREBBP_mut,0.4875875440552981
Doxorubicin,Anthracycline,DNA replication,KRAS_mut,0.4243837271921804
Doxorubicin,Anthracycline,DNA replication,NRAS_mut,1.3035932550470637
Doxorubicin,Anthracycline,DNA replication,SACS_mut,0.2768843866007529
Doxorubicin,Anthracycline,DNA replication,TP53_mut,1.0542169186747494
Bleomycin (10 uM),dsDNA break induction,DNA replication,ASXL1_mut,0.6558443434759582
Bleomycin (10 uM),dsDNA break induction,DNA replication,CREBBP_mut,0.1434321585080394
Bleomycin (10 uM),dsDNA break induction,DNA replication,KRAS_mut,0.08095942280719239
Bleomycin (10 uM),dsDNA break induction,DNA replication,NRAS_mut,1.2041183879420865
Bleomycin (10 uM),dsDNA break induction,DNA replication,SACS_mut,0.058482595472869214
Bleomycin (10 uM),dsDNA break induction,DNA replication,TP53_mut,1.57357650500846
Gemcitabine,Pyrimidine antimetabolite,DNA replication,ASXL1_mut,0.4449843218892763
Gemcitabine,Pyrimidine antimetabolite,DNA replication,CREBBP_mut,0.28435425649566837
Gemcitabine,Pyrimidine antimetabolite,DNA replication,KRAS_mut,0.45972766719189373
Gemcitabine,Pyrimidine antimetabolite,DNA replication,NRAS_mut,0.7652769530155024
Gemcitabine,Pyrimidine antimetabolite,DNA replication,SACS_mut,0.18051645704178462
Gemcitabine,Pyrimidine antimetabolite,DNA replication,TP53_mut,0.487606568609353
AZD6738,ATR,Genome integrity,ASXL1_mut,0.3815432070648355
AZD6738,ATR,Genome integrity,CREBBP_mut,0.5789202547241288
AZD6738,ATR,Genome integrity,KRAS_mut,0.3412546034833463
AZD6738,ATR,Genome integrity,NRAS_mut,1.5495966849198977
AZD6738,ATR,Genome integrity,SACS_mut,0.6416010669277696
AZD6738,ATR,Genome integrity,TP53_mut,0.19920514637232173
AZD5438,CDK2,Cell cycle,ASXL1_mut,0.3821549803476767
AZD5438,CDK2,Cell cycle,CREBBP_mut,0.3639867802953703
AZD5438,CDK2,Cell cycle,KRAS_mut,0.20343775042746795
AZD5438,CDK2,Cell cycle,NRAS_mut,0.7886539543881819
AZD5438,CDK2,Cell cycle,SACS_mut,0.3518172339412689
AZD5438,CDK2,Cell cycle,TP53_mut,0.05010592306492459
AZD7762,"CHEK1, CHEK2",Cell cycle,ASXL1_mut,0.7461631203411915
AZD7762,"CHEK1, CHEK2",Cell cycle,CREBBP_mut,0.2077470699305218
AZD7762,"CHEK1, CHEK2",Cell cycle,KRAS_mut,0.21398855228516464
AZD7762,"CHEK1, CHEK2",Cell cycle,NRAS_mut,1.6644537232256045
AZD7762,"CHEK1, CHEK2",Cell cycle,SACS_mut,0.1297069321735245
AZD7762,"CHEK1, CHEK2",Cell cycle,TP53_mut,0.5037758554051175
AZD6094,MET,RTK signaling,ASXL1_mut,0.3635101213171431
AZD6094,MET,RTK signaling,CREBBP_mut,0.21876089028680532
AZD6094,MET,RTK signaling,KRAS_mut,0.25329225410725437
AZD6094,MET,RTK signaling,NRAS_mut,0.8154802887197686
AZD6094,MET,RTK signaling,SACS_mut,0.8025146506389293
AZD6094,MET,RTK signaling,TP53_mut,0.4439390945802233
Dyrk1b_0191,DYRK1B,"Other, kinases",ASXL1_mut,0.6321857511531149
Dyrk1b_0191,DYRK1B,"Other, kinases",CREBBP_mut,0.8889064917321378
Dyrk1b_0191,DYRK1B,"Other, kinases",KRAS_mut,0.6031810434644553
Dyrk1b_0191,DYRK1B,"Other, kinases",NRAS_mut,1.3762555200486282
Dyrk1b_0191,DYRK1B,"Other, kinases",SACS_mut,0.5747550310904805
Dyrk1b_0191,DYRK1B,"Other, kinases",TP53_mut,0.5060087984291267
AZD4877,EG5,Mitosis,ASXL1_mut,0.14010536394027742
AZD4877,EG5,Mitosis,CREBBP_mut,0.4050547559664555
AZD4877,EG5,Mitosis,KRAS_mut,0.32120861896682645
AZD4877,EG5,Mitosis,NRAS_mut,0.7099349640405138
AZD4877,EG5,Mitosis,SACS_mut,0.5155020115609362
AZD4877,EG5,Mitosis,TP53_mut,0.5994846241960154
EphB4_9721,EPHB4,RTK signaling,ASXL1_mut,0.10317289496479619
EphB4_9721,EPHB4,RTK signaling,CREBBP_mut,0.7384884079455648
EphB4_9721,EPHB4,RTK signaling,KRAS_mut,1.0074699304717465
EphB4_9721,EPHB4,RTK signaling,NRAS_mut,1.3882038199180062
EphB4_9721,EPHB4,RTK signaling,SACS_mut,0.8337544605363442
EphB4_9721,EPHB4,RTK signaling,TP53_mut,0.5000609494324092
Fulvestrant,ESR1,Hormone-related,ASXL1_mut,0.3337065270882974
Fulvestrant,ESR1,Hormone-related,CREBBP_mut,0.09097755057132327
Fulvestrant,ESR1,Hormone-related,KRAS_mut,0.3530668120903758
Fulvestrant,ESR1,Hormone-related,NRAS_mut,1.055591691763115
Fulvestrant,ESR1,Hormone-related,SACS_mut,0.1895802377285207
Fulvestrant,ESR1,Hormone-related,TP53_mut,0.09669067674174174
AZD8931,"EGFR, ERBB2, ERBB3",RTK signaling,ASXL1_mut,0.24222986518155412
AZD8931,"EGFR, ERBB2, ERBB3",RTK signaling,CREBBP_mut,0.06136053600433061
AZD8931,"EGFR, ERBB2, ERBB3",RTK signaling,KRAS_mut,0.2873270177626882
AZD8931,"EGFR, ERBB2, ERBB3",RTK signaling,NRAS_mut,0.6659168304186218
AZD8931,"EGFR, ERBB2, ERBB3",RTK signaling,SACS_mut,0.5392740886934781
AZD8931,"EGFR, ERBB2, ERBB3",RTK signaling,TP53_mut,0.5744156623846239
FEN1_3940,FEN1,Genome integrity,ASXL1_mut,0.34134947759903084
FEN1_3940,FEN1,Genome integrity,CREBBP_mut,0.6476960039583836
FEN1_3940,FEN1,Genome integrity,KRAS_mut,0.13670265680071653
FEN1_3940,FEN1,Genome integrity,NRAS_mut,1.2929054196341214
FEN1_3940,FEN1,Genome integrity,SACS_mut,0.4637844009433161
FEN1_3940,FEN1,Genome integrity,TP53_mut,0.3667217495718477
FGFR_0939,FGFR4,RTK signaling,ASXL1_mut,0.23228597488595984
FGFR_0939,FGFR4,RTK signaling,CREBBP_mut,0.1988037605961804
FGFR_0939,FGFR4,RTK signaling,KRAS_mut,0.8004255141038021
FGFR_0939,FGFR4,RTK signaling,NRAS_mut,1.1161220115539
FGFR_0939,FGFR4,RTK signaling,SACS_mut,0.8373238081536247
FGFR_0939,FGFR4,RTK signaling,TP53_mut,0.4844410319696918
FGFR_3831,"FGFR1, FGFR2, FGFR3, FGFR4",RTK signaling,ASXL1_mut,0.639684805151331
FGFR_3831,"FGFR1, FGFR2, FGFR3, FGFR4",RTK signaling,CREBBP_mut,0.025543874211933333
FGFR_3831,"FGFR1, FGFR2, FGFR3, FGFR4",RTK signaling,KRAS_mut,0.22567231621438785
FGFR_3831,"FGFR1, FGFR2, FGFR3, FGFR4",RTK signaling,NRAS_mut,0.9543962772852218
FGFR_3831,"FGFR1, FGFR2, FGFR3, FGFR4",RTK signaling,SACS_mut,0.46859823211382556
FGFR_3831,"FGFR1, FGFR2, FGFR3, FGFR4",RTK signaling,TP53_mut,0.09560147193830786
BPTES,GLS,Other,ASXL1_mut,0.06942035844682767
BPTES,GLS,Other,CREBBP_mut,0.3885929325870142
BPTES,GLS,Other,KRAS_mut,0.17480462636254207
BPTES,GLS,Other,NRAS_mut,1.1872373543892243
BPTES,GLS,Other,SACS_mut,0.34482571728854416
BPTES,GLS,Other,TP53_mut,0.3781242518408984
AZD7969,GSK3B,WNT signaling,ASXL1_mut,0.4009366547678736
AZD7969,GSK3B,WNT signaling,CREBBP_mut,0.6353198871238612
AZD7969,GSK3B,WNT signaling,KRAS_mut,0.9210319017151515
AZD7969,GSK3B,WNT signaling,NRAS_mut,1.3032513779679715
AZD7969,GSK3B,WNT signaling,SACS_mut,0.12665659321428324
AZD7969,GSK3B,WNT signaling,TP53_mut,0.06716239942791237
AZD5582,IAP,Other,ASXL1_mut,0.07583709462520599
AZD5582,IAP,Other,CREBBP_mut,0.10767232674616109
AZD5582,IAP,Other,KRAS_mut,1.2924962687794836
AZD5582,IAP,Other,NRAS_mut,0.05307507787224949
AZD5582,IAP,Other,SACS_mut,0.20627641401253372
AZD5582,IAP,Other,TP53_mut,0.24556262716096544
IAP_5620,IAP,Other,ASXL1_mut,0.27471976559067945
IAP_5620,IAP,Other,CREBBP_mut,0.0858651854516391
IAP_5620,IAP,Other,KRAS_mut,1.1783553641913305
IAP_5620,IAP,Other,NRAS_mut,0.37196861341241705
IAP_5620,IAP,Other,SACS_mut,0.211334875524395
IAP_5620,IAP,Other,TP53_mut,0.47481152484402583
IAP_7638,IAP,Other,ASXL1_mut,0.10763172115230119
IAP_7638,IAP,Other,CREBBP_mut,0.26691782210314474
IAP_7638,IAP,Other,KRAS_mut,1.0814063670051868
IAP_7638,IAP,Other,NRAS_mut,0.5813041156198814
IAP_7638,IAP,Other,SACS_mut,0.14628970480438394
IAP_7638,IAP,Other,TP53_mut,0.2962906541689112
AZD1480,"JAK1, JAK2","Other, kinases",ASXL1_mut,0.05296728346069575
AZD1480,"JAK1, JAK2","Other, kinases",CREBBP_mut,0.15198756576311798
AZD1480,"JAK1, JAK2","Other, kinases",KRAS_mut,0.9549947624176985
AZD1480,"JAK1, JAK2","Other, kinases",NRAS_mut,1.3677480925964007
AZD1480,"JAK1, JAK2","Other, kinases",SACS_mut,0.82099769157294
AZD1480,"JAK1, JAK2","Other, kinases",TP53_mut,0.07896132432859573
JAK1_3715,JAK1,"Other, kinases",ASXL1_mut,0.632428114244468
JAK1_3715,JAK1,"Other, kinases",CREBBP_mut,0.25298865447180363
JAK1_3715,JAK1,"Other, kinases",KRAS_mut,0.5517877975291597
JAK1_3715,JAK1,"Other, kinases",NRAS_mut,1.226698054440087
JAK1_3715,JAK1,"Other, kinases",SACS_mut,0.2717066941878833
JAK1_3715,JAK1,"Other, kinases",TP53_mut,0.038495764144793186
JAK3_7406,JAK3,"Other, kinases",ASXL1_mut,0.23259186305347943
JAK3_7406,JAK3,"Other, kinases",CREBBP_mut,0.3986986960787857
JAK3_7406,JAK3,"Other, kinases",KRAS_mut,0.4759282485221118
JAK3_7406,JAK3,"Other, kinases",NRAS_mut,0.9280134822162658
JAK3_7406,JAK3,"Other, kinases",SACS_mut,0.2912847709297125
JAK3_7406,JAK3,"Other, kinases",TP53_mut,0.1461210318800625
MCT1_6447,MCT1,Cell cycle,ASXL1_mut,0.5312054332966415
MCT1_6447,MCT1,Cell cycle,CREBBP_mut,0.08344989510717411
MCT1_6447,MCT1,Cell cycle,KRAS_mut,0.3809203372998068
MCT1_6447,MCT1,Cell cycle,NRAS_mut,0.2931260635220944
MCT1_6447,MCT1,Cell cycle,SACS_mut,0.19953613948867224
MCT1_6447,MCT1,Cell cycle,TP53_mut,0.058902915846550066
MCT4_1422,MCT4,Other,ASXL1_mut,0.7081908835990098
MCT4_1422,MCT4,Other,CREBBP_mut,0.38551503063591086
MCT4_1422,MCT4,Other,KRAS_mut,0.4986729756546986
MCT4_1422,MCT4,Other,NRAS_mut,1.0260129811382803
MCT4_1422,MCT4,Other,SACS_mut,0.2833768228596965
MCT4_1422,MCT4,Other,TP53_mut,0.26952689149269937
AZD2014,"mTORC1, mTORC2",PI3K/MTOR signaling,ASXL1_mut,0.5185624308240604
AZD2014,"mTORC1, mTORC2",PI3K/MTOR signaling,CREBBP_mut,0.34691036661657526
AZD2014,"mTORC1, mTORC2",PI3K/MTOR signaling,KRAS_mut,0.21549322406025742
AZD2014,"mTORC1, mTORC2",PI3K/MTOR signaling,NRAS_mut,1.6538379479612961
AZD2014,"mTORC1, mTORC2",PI3K/MTOR signaling,SACS_mut,0.4017331972501699
AZD2014,"mTORC1, mTORC2",PI3K/MTOR signaling,TP53_mut,0.2595167313381695
AZD8186,"PI3Kbeta, PI3Kdelta",PI3K/MTOR signaling,ASXL1_mut,0.9191073065259827
AZD8186,"PI3Kbeta, PI3Kdelta",PI3K/MTOR signaling,CREBBP_mut,0.8257274130105245
AZD8186,"PI3Kbeta, PI3Kdelta",PI3K/MTOR signaling,KRAS_mut,0.2714552408338733
AZD8186,"PI3Kbeta, PI3Kdelta",PI3K/MTOR signaling,NRAS_mut,0.9260301320777425
AZD8186,"PI3Kbeta, PI3Kdelta",PI3K/MTOR signaling,SACS_mut,1.0687964099779246
AZD8186,"PI3Kbeta, PI3Kdelta",PI3K/MTOR signaling,TP53_mut,0.33958763855179874
AZD8835,"PI3Kalpha, PI3Kdelta",PI3K/MTOR signaling,ASXL1_mut,1.3409724207847495
AZD8835,"PI3Kalpha, PI3Kdelta",PI3K/MTOR signaling,CREBBP_mut,0.7993289503394216
AZD8835,"PI3Kalpha, PI3Kdelta",PI3K/MTOR signaling,KRAS_mut,0.4944481347279388
AZD8835,"PI3Kalpha, PI3Kdelta",PI3K/MTOR signaling,NRAS_mut,0.7786189556876287
AZD8835,"PI3Kalpha, PI3Kdelta",PI3K/MTOR signaling,SACS_mut,1.0276724510848176
AZD8835,"PI3Kalpha, PI3Kdelta",PI3K/MTOR signaling,TP53_mut,0.0796297513718625
PI3Ka_4409,"PI3Kalpha, PI3Kdelta",PI3K/MTOR signaling,ASXL1_mut,1.3092282590688518
PI3Ka_4409,"PI3Kalpha, PI3Kdelta",PI3K/MTOR signaling,CREBBP_mut,0.33408275159282963
PI3Ka_4409,"PI3Kalpha, PI3Kdelta",PI3K/MTOR signaling,KRAS_mut,1.1566486906613132
PI3Ka_4409,"PI3Kalpha, PI3Kdelta",PI3K/MTOR signaling,NRAS_mut,0.33762068437336556
PI3Ka_4409,"PI3Kalpha, PI3Kdelta",PI3K/MTOR signaling,SACS_mut,0.7888310915697708
PI3Ka_4409,"PI3Kalpha, PI3Kdelta",PI3K/MTOR signaling,TP53_mut,0.03785271654090388
AZD1208,"PIM1, PIM2, PIM3","Other, kinases",ASXL1_mut,0.21553956287668607
AZD1208,"PIM1, PIM2, PIM3","Other, kinases",CREBBP_mut,0.47621509484264196
AZD1208,"PIM1, PIM2, PIM3","Other, kinases",KRAS_mut,0.1533235518170785
AZD1208,"PIM1, PIM2, PIM3","Other, kinases",NRAS_mut,0.7653589135055211
AZD1208,"PIM1, PIM2, PIM3","Other, kinases",SACS_mut,0.22492775333895984
AZD1208,"PIM1, PIM2, PIM3","Other, kinases",TP53_mut,0.12088112110719823
PLK_6522,"PLK1, PLK2, PLK3",Cell cycle,ASXL1_mut,0.2420572827277196
PLK_6522,"PLK1, PLK2, PLK3",Cell cycle,CREBBP_mut,0.2970355190778493
PLK_6522,"PLK1, PLK2, PLK3",Cell cycle,KRAS_mut,0.22468474883052686
PLK_6522,"PLK1, PLK2, PLK3",Cell cycle,NRAS_mut,0.8349488410231686
PLK_6522,"PLK1, PLK2, PLK3",Cell cycle,SACS_mut,0.38541301571663533
PLK_6522,"PLK1, PLK2, PLK3",Cell cycle,TP53_mut,0.7070103344202652
RAF_9304,"ARAF, BRAF, CRAF",ERK MAPK signaling,ASXL1_mut,0.21587800336451213
RAF_9304,"ARAF, BRAF, CRAF",ERK MAPK signaling,CREBBP_mut,0.7691489235911178
RAF_9304,"ARAF, BRAF, CRAF",ERK MAPK signaling,KRAS_mut,0.45591790993131953
RAF_9304,"ARAF, BRAF, CRAF",ERK MAPK signaling,NRAS_mut,0.25648129753338966
RAF_9304,"ARAF, BRAF, CRAF",ERK MAPK signaling,SACS_mut,0.2556880982954284
RAF_9304,"ARAF, BRAF, CRAF",ERK MAPK signaling,TP53_mut,0.4728055014019008
PARP_9495,"PARP1, PARP2, PARP7",Genome integrity,ASXL1_mut,0.7192851046293756
PARP_9495,"PARP1, PARP2, PARP7",Genome integrity,CREBBP_mut,0.2313116082492434
PARP_9495,"PARP1, PARP2, PARP7",Genome integrity,KRAS_mut,1.20447041961895
PARP_9495,"PARP1, PARP2, PARP7",Genome integrity,NRAS_mut,0.9008613053265144
PARP_9495,"PARP1, PARP2, PARP7",Genome integrity,SACS_mut,0.2912516160602479
PARP_9495,"PARP1, PARP2, PARP7",Genome integrity,TP53_mut,0.9154122516894803
PARP_0108,"PARP1, PARP2, PARP6",Genome integrity,ASXL1_mut,0.477870545868835
PARP_0108,"PARP1, PARP2, PARP6",Genome integrity,CREBBP_mut,0.17631736452190064
PARP_0108,"PARP1, PARP2, PARP6",Genome integrity,KRAS_mut,0.2925074154697574
PARP_0108,"PARP1, PARP2, PARP6",Genome integrity,NRAS_mut,1.5389669043529894
PARP_0108,"PARP1, PARP2, PARP6",Genome integrity,SACS_mut,0.2514179871331782
PARP_0108,"PARP1, PARP2, PARP6",Genome integrity,TP53_mut,0.7360188556475356
PARP_9482,"PARP1, PARP2, PARP5a",Genome integrity,ASXL1_mut,0.5606983315391996
PARP_9482,"PARP1, PARP2, PARP5a",Genome integrity,CREBBP_mut,0.11325515366039833
PARP_9482,"PARP1, PARP2, PARP5a",Genome integrity,KRAS_mut,0.31873073941771596
PARP_9482,"PARP1, PARP2, PARP5a",Genome integrity,NRAS_mut,1.5308401663366291
PARP_9482,"PARP1, PARP2, PARP5a",Genome integrity,SACS_mut,0.35207981548732376
PARP_9482,"PARP1, PARP2, PARP5a",Genome integrity,TP53_mut,0.7797955027556087
TANK_1366,"Tankyrase 1/2 (PARP5a, PARP5b)",Genome integrity,ASXL1_mut,0.6842384720373133
TANK_1366,"Tankyrase 1/2 (PARP5a, PARP5b)",Genome integrity,CREBBP_mut,0.07010969193808901
TANK_1366,"Tankyrase 1/2 (PARP5a, PARP5b)",Genome integrity,KRAS_mut,0.29313401346880974
TANK_1366,"Tankyrase 1/2 (PARP5a, PARP5b)",Genome integrity,NRAS_mut,0.9621909923294849
TANK_1366,"Tankyrase 1/2 (PARP5a, PARP5b)",Genome integrity,SACS_mut,0.15557569242913452
TANK_1366,"Tankyrase 1/2 (PARP5a, PARP5b)",Genome integrity,TP53_mut,0.1167022042488243
AZD1332,"NTRK1, NTRK2, NTRK3",RTK signaling,ASXL1_mut,0.49367900672161275
AZD1332,"NTRK1, NTRK2, NTRK3",RTK signaling,CREBBP_mut,0.4807821733911429
AZD1332,"NTRK1, NTRK2, NTRK3",RTK signaling,KRAS_mut,0.5102961141086645
AZD1332,"NTRK1, NTRK2, NTRK3",RTK signaling,NRAS_mut,1.6528167104356875
AZD1332,"NTRK1, NTRK2, NTRK3",RTK signaling,SACS_mut,0.20013975198775413
AZD1332,"NTRK1, NTRK2, NTRK3",RTK signaling,TP53_mut,0.25286768213246785
TTK_3146,TTK,Mitosis,ASXL1_mut,0.7675059237106414
TTK_3146,TTK,Mitosis,CREBBP_mut,0.2885002641092063
TTK_3146,TTK,Mitosis,KRAS_mut,0.06260347028309271
TTK_3146,TTK,Mitosis,NRAS_mut,1.0890604783627975
TTK_3146,TTK,Mitosis,SACS_mut,0.6325766270626575
TTK_3146,TTK,Mitosis,TP53_mut,0.384587874671067
SN-38,TOP1,DNA replication,ASXL1_mut,0.5513595317509378
SN-38,TOP1,DNA replication,CREBBP_mut,0.07886657898884644
SN-38,TOP1,DNA replication,KRAS_mut,1.0611729870646283
SN-38,TOP1,DNA replication,NRAS_mut,0.6231607903282991
SN-38,TOP1,DNA replication,SACS_mut,0.20438715117146578
SN-38,TOP1,DNA replication,TP53_mut,0.39967751161526294
SN-38,TOP1,DNA replication,ASXL1_mut,0.05063075345753499
SN-38,TOP1,DNA replication,CREBBP_mut,0.35982067829625636
SN-38,TOP1,DNA replication,KRAS_mut,0.09694552886631007
SN-38,TOP1,DNA replication,NRAS_mut,1.4302019732952471
SN-38,TOP1,DNA replication,SACS_mut,0.1466183033920917
SN-38,TOP1,DNA replication,TP53_mut,0.9247692924676602
Olaparib,"PARP1, PARP2",Genome integrity,ASXL1_mut,1.2326084772090518
Olaparib,"PARP1, PARP2",Genome integrity,CREBBP_mut,0.43196904486999954
Olaparib,"PARP1, PARP2",Genome integrity,KRAS_mut,0.9756760838039621
Olaparib,"PARP1, PARP2",Genome integrity,NRAS_mut,0.5117446437909134
Olaparib,"PARP1, PARP2",Genome integrity,SACS_mut,0.2926604898008092
Olaparib,"PARP1, PARP2",Genome integrity,TP53_mut,0.7667599068937495
Cisplatin,DNA crosslinker,DNA replication,ASXL1_mut,0.07772326569217954
Cisplatin,DNA crosslinker,DNA replication,CREBBP_mut,0.15018652117502793
Cisplatin,DNA crosslinker,DNA replication,KRAS_mut,0.2895369604057965
Cisplatin,DNA crosslinker,DNA replication,NRAS_mut,0.6976611483088837
Cisplatin,DNA crosslinker,DNA replication,SACS_mut,0.28502922432838007
Cisplatin,DNA crosslinker,DNA replication,TP53_mut,0.19775779393169335
AZD4547,"FGFR1, FGFR2, FGFR3",RTK signaling,ASXL1_mut,0.6655794138418965
AZD4547,"FGFR1, FGFR2, FGFR3",RTK signaling,CREBBP_mut,0.38562841729168523
AZD4547,"FGFR1, FGFR2, FGFR3",RTK signaling,KRAS_mut,0.7571056648071465
AZD4547,"FGFR1, FGFR2, FGFR3",RTK signaling,NRAS_mut,1.0742978104080996
AZD4547,"FGFR1, FGFR2, FGFR3",RTK signaling,SACS_mut,0.12010576300954344
AZD4547,"FGFR1, FGFR2, FGFR3",RTK signaling,TP53_mut,0.29961977527694833
Selumetinib,"MEK1, MEK2",ERK MAPK signaling,ASXL1_mut,0.13957290074657527
Selumetinib,"MEK1, MEK2",ERK MAPK signaling,CREBBP_mut,0.30129243766970865
Selumetinib,"MEK1, MEK2",ERK MAPK signaling,KRAS_mut,0.49476661196254523
Selumetinib,"MEK1, MEK2",ERK MAPK signaling,NRAS_mut,0.5207118175381353
Selumetinib,"MEK1, MEK2",ERK MAPK signaling,SACS_mut,0.6694208463941702
Selumetinib,"MEK1, MEK2",ERK MAPK signaling,TP53_mut,0.11936323270974425
Bicalutamide,AR,Hormone-related,ASXL1_mut,0.7402446937710317
Bicalutamide,AR,Hormone-related,CREBBP_mut,0.10963434911555962
Bicalutamide,AR,Hormone-related,KRAS_mut,0.07653787284177267
Bicalutamide,AR,Hormone-related,NRAS_mut,1.367404664312098
Bicalutamide,AR,Hormone-related,SACS_mut,0.5809835029084742
Bicalutamide,AR,Hormone-related,TP53_mut,0.6522766348668931
Refametinib,"MEK1, MEK2",ERK MAPK signaling,ASXL1_mut,0.5319405136276394
Refametinib,"MEK1, MEK2",ERK MAPK signaling,CREBBP_mut,0.282368605629337
Refametinib,"MEK1, MEK2",ERK MAPK signaling,KRAS_mut,0.5702146397377549
Refametinib,"MEK1, MEK2",ERK MAPK signaling,NRAS_mut,0.31353908489993587
Refametinib,"MEK1, MEK2",ERK MAPK signaling,SACS_mut,0.5161710210740532
Refametinib,"MEK1, MEK2",ERK MAPK signaling,TP53_mut,0.15690107519125407
Pictilisib,PI3K (class 1),PI3K/MTOR signaling,ASXL1_mut,1.4627858241332452
Pictilisib,PI3K (class 1),PI3K/MTOR signaling,CREBBP_mut,1.069865521979347
Pictilisib,PI3K (class 1),PI3K/MTOR signaling,KRAS_mut,0.48570977668385185
Pictilisib,PI3K (class 1),PI3K/MTOR signaling,NRAS_mut,0.768473495451239
Pictilisib,PI3K (class 1),PI3K/MTOR signaling,SACS_mut,1.2588915415008366
Pictilisib,PI3K (class 1),PI3K/MTOR signaling,TP53_mut,0.12479744252890819
Pevonedistat,NAE,Other,ASXL1_mut,0.38269324950648953
Pevonedistat,NAE,Other,CREBBP_mut,0.4361895095881638
Pevonedistat,NAE,Other,KRAS_mut,0.17799822884570585
Pevonedistat,NAE,Other,NRAS_mut,0.7832916235843783
Pevonedistat,NAE,Other,SACS_mut,0.2031547895650612
Pevonedistat,NAE,Other,TP53_mut,0.32049423010195915
PFI-3,"PB1, SMARCA4, SMARCA2",Chromatin other,ASXL1_mut,0.02796634913308092
PFI-3,"PB1, SMARCA4, SMARCA2",Chromatin other,CREBBP_mut,0.3244281188101397
PFI-3,"PB1, SMARCA4, SMARCA2",Chromatin other,KRAS_mut,0.2974179174005068
PFI-3,"PB1, SMARCA4, SMARCA2",Chromatin other,NRAS_mut,0.4100911619133556
PFI-3,"PB1, SMARCA4, SMARCA2",Chromatin other,SACS_mut,1.008680082405512
PFI-3,"PB1, SMARCA4, SMARCA2",Chromatin other,TP53_mut,0.21641305534472857
I-CBP112,"EP300, CBP",Chromatin histone acetylation,ASXL1_mut,0.12939118621451223
I-CBP112,"EP300, CBP",Chromatin histone acetylation,CREBBP_mut,0.2709968216154117
I-CBP112,"EP300, CBP",Chromatin histone acetylation,KRAS_mut,1.014300984237402
I-CBP112,"EP300, CBP",Chromatin histone acetylation,NRAS_mut,0.5627952354755259
I-CBP112,"EP300, CBP",Chromatin histone acetylation,SACS_mut,0.23312735006541893
I-CBP112,"EP300, CBP",Chromatin histone acetylation,TP53_mut,0.017441692646582355
